{
"lengthUnit": "mil",
"remark": [],
"components": {
	"fields": ["COMPONENT_NO", "COMPONENT_NAME", "LAYER", "X_COORDINATE", "Y_COORDINATE", "ANGLE"],
	"rows": [
		[1, "D1", "T", 4540, -1560, 270],
		[2, "D2", "T", 3520, -1960, 180],
		[3, "DS1", "T", 4280, -1460, 180],
		[4, "DS2", "T", 2760, -1460, 180],
		[5, "F1", "T", 3100, -2580, 90],
		[6, "F2", "T", 3940, -2580, 90],
		[7, "F3", "T", 3520, -2580, 90],
		[8, "J1", "T", 3520, -1620, 180],
		[9, "J2", "T", 3940, -3260, 180],
		[10, "J3", "T", 3100, -3260, 180],
		[11, "J4", "T", 2740, -2340, 270],
		[12, "K1", "T", 4300, -2260, 270],
		[13, "MP1", "T", 3100, -1920, 0],
		[14, "MP2", "T", 3940, -1920, 0],
		[15, "MP3", "T", 4300, -2940, 0],
		[16, "MP4", "T", 2740, -2940, 0],
		[17, "Q1", "T", 4560, -1940, 90],
		[18, "R1", "T", 4240, -1680, 0],
		[19, "R2", "T", 3300, -1840, 90],
		[20, "R3", "T", 2800, -1680, 0],
		[21, "R4", "T", 4560, -1780, 0],
		[22, "U1", "T", 4300, -1860, 270],
		[23, "PAD1", "T", 3100, -3022.91, 0],
		[24, "PAD1", "B", 3100, -3022.91, 0],
		[25, "PAD2", "T", 3100, -2137.09, 0],
		[26, "PAD2", "B", 3100, -2137.09, 0],
		[27, "PAD3", "T", 3940, -3022.91, 0],
		[28, "PAD3", "B", 3940, -3022.91, 0],
		[29, "PAD4", "T", 3940, -2137.09, 0],
		[30, "PAD4", "B", 3940, -2137.09, 0],
		[31, "PAD5", "T", 3296.85, -3260, 0],
		[32, "PAD5", "B", 3296.85, -3260, 0],
		[33, "PAD6", "T", 3100, -3260, 0],
		[34, "PAD6", "B", 3100, -3260, 0],
		[35, "PAD7", "T", 2903.15, -3260, 0],
		[36, "PAD7", "B", 2903.15, -3260, 0],
		[37, "PAD8", "T", 3519.995, -1670, 0],
		[38, "PAD8", "B", 3519.995, -1670, 0],
		[39, "PAD9", "T", 3738.105, -1670, 0],
		[40, "PAD9", "B", 3738.105, -1670, 0],
		[41, "PAD10", "T", 3629.055, -1670, 0],
		[42, "PAD10", "B", 3629.055, -1670, 0],
		[43, "PAD11", "T", 3410.945, -1670, 0],
		[44, "PAD11", "B", 3410.945, -1670, 0],
		[45, "PAD12", "T", 3301.885, -1669.999, 0],
		[46, "PAD12", "B", 3301.885, -1669.999, 0],
		[47, "PAD13", "T", 3356.405, -1570.001, 0],
		[48, "PAD13", "B", 3356.405, -1570.001, 0],
		[49, "PAD14", "T", 2710, -1460, 0],
		[50, "PAD14", "B", 2710, -1460, 0],
		[51, "PAD15", "T", 2810, -1460, 0],
		[52, "PAD15", "B", 2810, -1460, 0],
		[53, "PAD16", "T", 4230, -1460, 0],
		[54, "PAD16", "B", 4230, -1460, 0],
		[55, "PAD17", "T", 4330, -1460, 0],
		[56, "PAD17", "B", 4330, -1460, 0],
		[57, "PAD18", "T", 4136.85, -3260, 0],
		[58, "PAD18", "B", 4136.85, -3260, 0],
		[59, "PAD19", "T", 3940, -3260, 0],
		[60, "PAD19", "B", 3940, -3260, 0],
		[61, "PAD20", "T", 3743.15, -3260, 0],
		[62, "PAD20", "B", 3743.15, -3260, 0],
		[63, "PAD21", "T", 4279.37, -1680, 0],
		[64, "PAD22", "T", 4200.63, -1680, 0],
		[65, "PAD23", "T", 2839.37, -1680, 0],
		[66, "PAD24", "T", 2760.63, -1680, 0],
		[67, "PAD25", "T", 4200, -2360, 0],
		[68, "PAD25", "B", 4200, -2360, 0],
		[69, "PAD26", "T", 4200, -2460, 0],
		[70, "PAD26", "B", 4200, -2460, 0],
		[71, "PAD27", "T", 4200, -2060, 0],
		[72, "PAD27", "B", 4200, -2060, 0],
		[73, "PAD28", "T", 4200, -2260, 0],
		[74, "PAD28", "B", 4200, -2260, 0],
		[75, "PAD29", "T", 4400, -2460, 0],
		[76, "PAD29", "B", 4400, -2460, 0],
		[77, "PAD30", "T", 4400, -2360, 0],
		[78, "PAD30", "B", 4400, -2360, 0],
		[79, "PAD31", "T", 4400, -2260, 0],
		[80, "PAD31", "B", 4400, -2260, 0],
		[81, "PAD32", "T", 4400, -2060, 0],
		[82, "PAD32", "B", 4400, -2060, 0],
		[83, "PAD33", "T", 3520, -3022.91, 0],
		[84, "PAD33", "B", 3520, -3022.91, 0],
		[85, "PAD34", "T", 3520, -2137.09, 0],
		[86, "PAD34", "B", 3520, -2137.09, 0],
		[87, "PAD35", "T", 2753.975, -2290.005, 0],
		[88, "PAD35", "B", 2753.975, -2290.005, 0],
		[89, "PAD36", "T", 2832.715, -2290.005, 0],
		[90, "PAD36", "B", 2832.715, -2290.005, 0],
		[91, "PAD37", "T", 2753.975, -2390.005, 0],
		[92, "PAD37", "B", 2753.975, -2390.005, 0],
		[93, "PAD38", "T", 2647.285, -2102.795, 0],
		[94, "PAD38", "B", 2647.285, -2102.795, 0],
		[95, "PAD39", "T", 2647.285, -2577.205, 0],
		[96, "PAD39", "B", 2647.285, -2577.205, 0],
		[97, "PAD40", "T", 2832.715, -2390.005, 0],
		[98, "PAD40", "B", 2832.715, -2390.005, 0],
		[99, "PAD41", "T", 3621, -1960, 0],
		[100, "PAD42", "T", 3419, -1960, 0],
		[101, "PAD43", "T", 4540, -1459, 0],
		[102, "PAD44", "T", 4540, -1661, 0],
		[103, "PAD45", "T", 4599.37, -1780, 0],
		[104, "PAD46", "T", 4520.63, -1780, 0],
		[105, "PAD47", "T", 3300, -1800.63, 0],
		[106, "PAD48", "T", 3300, -1879.37, 0],
		[107, "PAD49", "T", 4619.055, -1886.605, 0],
		[108, "PAD50", "T", 4500.945, -1886.605, 0],
		[109, "PAD51", "T", 4560.005, -1993.395, 0],
		[110, "PAD52", "T", 4194.39, -1885, 0],
		[111, "PAD53", "T", 4194.39, -1935, 0],
		[112, "PAD54", "T", 4405.61, -1935, 0]
	]
},
"pins": {
	"fields": ["PIN_NO", "PIN_NAME", "PIN_X", "PIN_Y", "LAYER", "PIN_TYPE", "NET_NAME", "NET_TYPE", "PAD_SHAPE", "PAD_SIZEX", "PAD_SIZEY", "HOLE_SIZE", "HOLE_LEN", "PAD_ANGLE"],
	"rows": [
		[1, "D1_1", 4540, -1459, "T", "SMD", "VSW", "", "R", 86.614, 66.929, 0, 0, 270],
		[2, "D1_2", 4540, -1661, "T", "SMD", "$1N839", "", "R", 86.614, 66.929, 0, 0, 270],
		[3, "D2_1", 3621, -1960, "T", "SMD", "VSW", "", "R", 86.614, 66.929, 0, 0, 180],
		[4, "D2_2", 3419, -1960, "T", "SMD", "$1N5890", "", "R", 86.614, 66.929, 0, 0, 180],
		[5, "DS1_1", 4230, -1460, "T", "DIP", "$1N6129", "", "C", 59.055, 59.055, 35.434, 35.434, 180],
		[6, "DS1_1", 4230, -1460, "B", "DIP", "$1N6129", "", "C", 59.055, 59.055, 35.434, 35.434, 180],
		[7, "DS1_2", 4330, -1460, "T", "DIP", "VSW", "", "C", 59.055, 59.055, 35.434, 35.434, 180],
		[8, "DS1_2", 4330, -1460, "B", "DIP", "VSW", "", "C", 59.055, 59.055, 35.434, 35.434, 180],
		[9, "DS2_1", 2710, -1460, "T", "DIP", "$1N6126", "", "C", 59.055, 59.055, 35.434, 35.434, 180],
		[10, "DS2_1", 2710, -1460, "B", "DIP", "$1N6126", "", "C", 59.055, 59.055, 35.434, 35.434, 180],
		[11, "DS2_2", 2810, -1460, "T", "DIP", "NO_SIG", "", "C", 59.055, 59.055, 35.434, 35.434, 180],
		[12, "DS2_2", 2810, -1460, "B", "DIP", "NO_SIG", "", "C", 59.055, 59.055, 35.434, 35.434, 180],
		[13, "F1_1", 3100, -3022.91, "T", "DIP", "COM1", "", "O", 39.37, 94.488, 23.622, 66.142, 90],
		[14, "F1_1", 3100, -3022.91, "B", "DIP", "COM1", "", "O", 39.37, 94.488, 23.622, 66.142, 90],
		[15, "F1_2", 3100, -2137.09, "T", "DIP", "$1N884", "", "O", 39.37, 94.488, 23.622, 66.142, 90],
		[16, "F1_2", 3100, -2137.09, "B", "DIP", "$1N884", "", "O", 39.37, 94.488, 23.622, 66.142, 90],
		[17, "F2_1", 3940, -3022.91, "T", "DIP", "COM2", "", "O", 39.37, 94.488, 23.622, 66.142, 90],
		[18, "F2_1", 3940, -3022.91, "B", "DIP", "COM2", "", "O", 39.37, 94.488, 23.622, 66.142, 90],
		[19, "F2_2", 3940, -2137.09, "T", "DIP", "$1N893", "", "O", 39.37, 94.488, 23.622, 66.142, 90],
		[20, "F2_2", 3940, -2137.09, "B", "DIP", "$1N893", "", "O", 39.37, 94.488, 23.622, 66.142, 90],
		[21, "F3_1", 3520, -3022.91, "T", "DIP", "$1N5885", "", "O", 39.37, 94.488, 23.622, 66.142, 90],
		[22, "F3_1", 3520, -3022.91, "B", "DIP", "$1N5885", "", "O", 39.37, 94.488, 23.622, 66.142, 90],
		[23, "F3_2", 3520, -2137.09, "T", "DIP", "$1N5890", "", "O", 39.37, 94.488, 23.622, 66.142, 90],
		[24, "F3_2", 3520, -2137.09, "B", "DIP", "$1N5890", "", "O", 39.37, 94.488, 23.622, 66.142, 90],
		[25, "J1_1", 3301.885, -1669.999, "T", "DIP", "NO_SIG", "", "R", 70.866, 70.866, 43.308, 43.308, 180],
		[26, "J1_1", 3301.885, -1669.999, "B", "DIP", "NO_SIG", "", "R", 70.866, 70.866, 43.308, 43.308, 180],
		[27, "J1_2", 3410.945, -1670, "T", "DIP", "TEMP", "", "C", 70.866, 70.866, 43.308, 43.308, 180],
		[28, "J1_2", 3410.945, -1670, "B", "DIP", "TEMP", "", "C", 70.866, 70.866, 43.308, 43.308, 180],
		[29, "J1_3", 3519.995, -1670, "T", "DIP", "GND", "GND", "C", 70.866, 70.866, 43.308, 43.308, 180],
		[30, "J1_3", 3519.995, -1670, "B", "DIP", "GND", "GND", "C", 70.866, 70.866, 43.308, 43.308, 180],
		[31, "J1_4", 3629.055, -1670, "T", "DIP", "VSW", "", "C", 70.866, 70.866, 43.308, 43.308, 180],
		[32, "J1_4", 3629.055, -1670, "B", "DIP", "VSW", "", "C", 70.866, 70.866, 43.308, 43.308, 180],
		[33, "J1_5", 3738.105, -1670, "T", "DIP", "GND", "GND", "C", 70.866, 70.866, 43.308, 43.308, 180],
		[34, "J1_5", 3738.105, -1670, "B", "DIP", "GND", "GND", "C", 70.866, 70.866, 43.308, 43.308, 180],
		[35, "J1_6", 3356.405, -1570.001, "T", "DIP", "$1N4107", "", "C", 70.866, 70.866, 43.308, 43.308, 180],
		[36, "J1_6", 3356.405, -1570.001, "B", "DIP", "$1N4107", "", "C", 70.866, 70.866, 43.308, 43.308, 180],
		[37, "J1_7", 3465.465, -1570, "T", "DIP", "NET_1", "", "C", 70.866, 70.866, 43.308, 43.308, 180],
		[38, "J1_7", 3465.465, -1570, "B", "DIP", "NET_1", "", "C", 70.866, 70.866, 43.308, 43.308, 180],
		[39, "J1_8", 3574.515, -1570, "T", "DIP", "NET_2", "", "C", 70.866, 70.866, 43.308, 43.308, 180],
		[40, "J1_8", 3574.515, -1570, "B", "DIP", "NET_2", "", "C", 70.866, 70.866, 43.308, 43.308, 180],
		[41, "J1_9", 3683.575, -1570, "T", "DIP", "NET_3", "", "C", 70.866, 70.866, 43.308, 43.308, 180],
		[42, "J1_9", 3683.575, -1570, "B", "DIP", "NET_3", "", "C", 70.866, 70.866, 43.308, 43.308, 180],
		[43, "J1_10", 4012.125, -1620.002, "T", "DIP", "NET_4", "", "C", 196.85, 196.85, 127.954, 127.954, 180],
		[44, "J1_10", 4012.125, -1620.002, "B", "DIP", "NET_4", "", "C", 196.85, 196.85, 127.954, 127.954, 180],
		[45, "J1_11", 3027.875, -1620.002, "T", "DIP", "NET_5", "", "C", 196.85, 196.85, 127.954, 127.954, 180],
		[46, "J1_11", 3027.875, -1620.002, "B", "DIP", "NET_5", "", "C", 196.85, 196.85, 127.954, 127.954, 180],
		[47, "J2_1", 4136.85, -3260, "T", "DIP", "NC2", "", "C", 98.425, 98.425, 62.992, 62.992, 180],
		[48, "J2_1", 4136.85, -3260, "B", "DIP", "NC2", "", "C", 98.425, 98.425, 62.992, 62.992, 180],
		[49, "J2_2", 3940, -3260, "T", "DIP", "COM2", "", "C", 98.425, 98.425, 62.992, 62.992, 180],
		[50, "J2_2", 3940, -3260, "B", "DIP", "COM2", "", "C", 98.425, 98.425, 62.992, 62.992, 180],
		[51, "J2_3", 3743.15, -3260, "T", "DIP", "NO2", "", "C", 98.425, 98.425, 62.992, 62.992, 180],
		[52, "J2_3", 3743.15, -3260, "B", "DIP", "NO2", "", "C", 98.425, 98.425, 62.992, 62.992, 180],
		[53, "J3_1", 3296.85, -3260, "T", "DIP", "NO1", "", "C", 98.425, 98.425, 62.992, 62.992, 180],
		[54, "J3_1", 3296.85, -3260, "B", "DIP", "NO1", "", "C", 98.425, 98.425, 62.992, 62.992, 180],
		[55, "J3_2", 3100, -3260, "T", "DIP", "COM1", "", "C", 98.425, 98.425, 62.992, 62.992, 180],
		[56, "J3_2", 3100, -3260, "B", "DIP", "COM1", "", "C", 98.425, 98.425, 62.992, 62.992, 180],
		[57, "J3_3", 2903.15, -3260, "T", "DIP", "NC1", "", "C", 98.425, 98.425, 62.992, 62.992, 180],
		[58, "J3_3", 2903.15, -3260, "B", "DIP", "NC1", "", "C", 98.425, 98.425, 62.992, 62.992, 180],
		[59, "J4_1", 2832.715, -2390.005, "T", "DIP", "$1N5885", "", "O", 70.87, 59.055, 39.38, 39.39, 90],
		[60, "J4_1", 2832.715, -2390.005, "B", "DIP", "$1N5885", "", "O", 70.87, 59.055, 39.38, 39.39, 90],
		[61, "J4_2", 2832.715, -2290.005, "T", "DIP", "$1N5887", "", "O", 70.87, 59.055, 39.38, 39.39, 90],
		[62, "J4_2", 2832.715, -2290.005, "B", "DIP", "$1N5887", "", "O", 70.87, 59.055, 39.38, 39.39, 90],
		[63, "J4_3", 2753.975, -2290.005, "T", "DIP", "$1N5887", "", "O", 70.87, 59.055, 39.38, 39.39, 90],
		[64, "J4_3", 2753.975, -2290.005, "B", "DIP", "$1N5887", "", "O", 70.87, 59.055, 39.38, 39.39, 90],
		[65, "J4_4", 2753.975, -2390.005, "T", "DIP", "GND", "GND", "O", 70.87, 59.055, 39.38, 39.39, 90],
		[66, "J4_4", 2753.975, -2390.005, "B", "DIP", "GND", "GND", "O", 70.87, 59.055, 39.38, 39.39, 90],
		[67, "J4_5", 2647.285, -2577.205, "T", "DIP", "GND", "GND", "O", 98.43, 157.48, 70.86, 118.11, 90],
		[68, "J4_5", 2647.285, -2577.205, "B", "DIP", "GND", "GND", "O", 98.43, 157.48, 70.86, 118.11, 90],
		[69, "J4_6", 2647.285, -2102.795, "T", "DIP", "GND", "GND", "O", 98.43, 157.48, 70.86, 118.11, 90],
		[70, "J4_6", 2647.285, -2102.795, "B", "DIP", "GND", "GND", "O", 98.43, 157.48, 70.86, 118.11, 90],
		[71, "K1_1", 4200, -2060, "T", "DIP", "VSW", "", "C", 78.74, 78.74, 47.244, 47.244, 270],
		[72, "K1_1", 4200, -2060, "B", "DIP", "VSW", "", "C", 78.74, 78.74, 47.244, 47.244, 270],
		[73, "K1_3", 4200, -2260, "T", "DIP", "NC1", "", "C", 78.74, 78.74, 47.244, 47.244, 270],
		[74, "K1_3", 4200, -2260, "B", "DIP", "NC1", "", "C", 78.74, 78.74, 47.244, 47.244, 270],
		[75, "K1_4", 4200, -2360, "T", "DIP", "$1N884", "", "C", 78.74, 78.74, 47.244, 47.244, 270],
		[76, "K1_4", 4200, -2360, "B", "DIP", "$1N884", "", "C", 78.74, 78.74, 47.244, 47.244, 270],
		[77, "K1_5", 4200, -2460, "T", "DIP", "NO1", "", "C", 78.74, 78.74, 47.244, 47.244, 270],
		[78, "K1_5", 4200, -2460, "B", "DIP", "NO1", "", "C", 78.74, 78.74, 47.244, 47.244, 270],
		[79, "K1_8", 4400, -2460, "T", "DIP", "NO2", "", "C", 78.74, 78.74, 47.244, 47.244, 270],
		[80, "K1_8", 4400, -2460, "B", "DIP", "NO2", "", "C", 78.74, 78.74, 47.244, 47.244, 270],
		[81, "K1_9", 4400, -2360, "T", "DIP", "$1N893", "", "C", 78.74, 78.74, 47.244, 47.244, 270],
		[82, "K1_9", 4400, -2360, "B", "DIP", "$1N893", "", "C", 78.74, 78.74, 47.244, 47.244, 270],
		[83, "K1_10", 4400, -2260, "T", "DIP", "NC2", "", "C", 78.74, 78.74, 47.244, 47.244, 270],
		[84, "K1_10", 4400, -2260, "B", "DIP", "NC2", "", "C", 78.74, 78.74, 47.244, 47.244, 270],
		[85, "K1_12", 4400, -2060, "T", "DIP", "$1N839", "", "C", 78.74, 78.74, 47.244, 47.244, 270],
		[86, "K1_12", 4400, -2060, "B", "DIP", "$1N839", "", "C", 78.74, 78.74, 47.244, 47.244, 270],
		[87, "MP1_1", 3017.25, -1855.04, "T", "SMD", "NET_6", "", "P", 122.047, 122.047, 0, 0, 0],
		[88, "MP1_2", 3164.96, -1837.25, "T", "SMD", "NET_7", "", "P", 122.047, 122.047, 0, 0, 0],
		[89, "MP1_3", 3182.75, -1984.96, "T", "SMD", "NET_8", "", "P", 122.047, 122.047, 0, 0, 0],
		[90, "MP1_4", 3035.04, -2002.75, "T", "SMD", "NET_9", "", "P", 122.047, 122.047, 0, 0, 0],
		[91, "MP2_1", 3857.25, -1855.04, "T", "SMD", "NET_10", "", "P", 122.047, 122.047, 0, 0, 0],
		[92, "MP2_2", 4004.96, -1837.25, "T", "SMD", "NET_11", "", "P", 122.047, 122.047, 0, 0, 0],
		[93, "MP2_3", 4022.75, -1984.96, "T", "SMD", "NET_12", "", "P", 122.047, 122.047, 0, 0, 0],
		[94, "MP2_4", 3875.04, -2002.75, "T", "SMD", "NET_13", "", "P", 122.047, 122.047, 0, 0, 0],
		[95, "MP3_1", 4217.25, -2875.04, "T", "SMD", "NET_14", "", "P", 122.047, 122.047, 0, 0, 0],
		[96, "MP3_2", 4364.96, -2857.25, "T", "SMD", "NET_15", "", "P", 122.047, 122.047, 0, 0, 0],
		[97, "MP3_3", 4382.75, -3004.96, "T", "SMD", "NET_16", "", "P", 122.047, 122.047, 0, 0, 0],
		[98, "MP3_4", 4235.04, -3022.75, "T", "SMD", "NET_17", "", "P", 122.047, 122.047, 0, 0, 0],
		[99, "MP4_1", 2657.25, -2875.04, "T", "SMD", "NET_18", "", "P", 122.047, 122.047, 0, 0, 0],
		[100, "MP4_2", 2804.96, -2857.25, "T", "SMD", "NET_19", "", "P", 122.047, 122.047, 0, 0, 0],
		[101, "MP4_3", 2822.75, -3004.96, "T", "SMD", "NET_20", "", "P", 122.047, 122.047, 0, 0, 0],
		[102, "MP4_4", 2675.04, -3022.75, "T", "SMD", "NET_21", "", "P", 122.047, 122.047, 0, 0, 0],
		[103, "Q1_1", 4619.055, -1886.605, "T", "SMD", "$1N6047", "", "R", 62.008, 26.457, 0, 0, 90],
		[104, "Q1_2", 4560.005, -1993.395, "T", "SMD", "$1N839", "", "P", 74.804, 211.685, 0, 0, 90],
		[105, "Q1_3", 4500.945, -1886.605, "T", "SMD", "GND", "GND", "R", 62.008, 26.457, 0, 0, 90],
		[106, "R1_1", 4200.63, -1680, "T", "SMD", "$1N6129", "", "R", 44.588, 54.213, 0, 0, 0],
		[107, "R1_2", 4279.37, -1680, "T", "SMD", "GND", "GND", "R", 44.588, 54.213, 0, 0, 0],
		[108, "R2_1", 3300, -1879.37, "T", "SMD", "GND", "GND", "R", 44.588, 54.213, 0, 0, 90],
		[109, "R2_2", 3300, -1800.63, "T", "SMD", "$1N4107", "", "R", 44.588, 54.213, 0, 0, 90],
		[110, "R3_1", 2760.63, -1680, "T", "SMD", "$1N6126", "", "R", 44.588, 54.213, 0, 0, 0],
		[111, "R3_2", 2839.37, -1680, "T", "SMD", "GND", "GND", "R", 44.588, 54.213, 0, 0, 0],
		[112, "R4_1", 4520.63, -1780, "T", "SMD", "NO_SIG", "", "R", 44.588, 54.213, 0, 0, 0],
		[113, "R4_2", 4599.37, -1780, "T", "SMD", "$1N6047", "", "R", 44.588, 54.213, 0, 0, 0],
		[114, "U1_1", 4194.39, -1785, "T", "SMD", "NET_22", "", "O", 24.803, 73.425, 0, 0, 270],
		[115, "U1_2", 4194.39, -1835, "T", "SMD", "NET_23", "", "O", 24.803, 73.425, 0, 0, 270],
		[116, "U1_3", 4194.39, -1885, "T", "SMD", "VSW", "", "O", 24.803, 73.425, 0, 0, 270],
		[117, "U1_4", 4194.39, -1935, "T", "SMD", "TEMP", "", "O", 24.803, 73.425, 0, 0, 270],
		[118, "U1_5", 4405.61, -1935, "T", "SMD", "GND", "GND", "O", 24.803, 73.425, 0, 0, 270],
		[119, "U1_6", 4405.61, -1885, "T", "SMD", "NET_24", "", "O", 24.803, 73.425, 0, 0, 270],
		[120, "U1_7", 4405.61, -1835, "T", "SMD", "NET_25", "", "O", 24.803, 73.425, 0, 0, 270],
		[121, "U1_8", 4405.61, -1785, "T", "SMD", "NET_26", "", "O", 24.803, 73.425, 0, 0, 270],
		[122, "PAD1_1", 3100, -3022.91, "T", "DIP", "COM1", "", "O", 39.37, 94.488, 23.622, 66.142, 90],
		[123, "PAD1_1", 3100, -3022.91, "B", "DIP", "COM1", "", "O", 39.37, 94.488, 23.622, 66.142, 90],
		[124, "PAD2_2", 3100, -2137.09, "T", "DIP", "$1N884", "", "O", 39.37, 94.488, 23.622, 66.142, 90],
		[125, "PAD2_2", 3100, -2137.09, "B", "DIP", "$1N884", "", "O", 39.37, 94.488, 23.622, 66.142, 90],
		[126, "PAD3_1", 3940, -3022.91, "T", "DIP", "COM2", "", "O", 39.37, 94.488, 23.622, 66.142, 90],
		[127, "PAD3_1", 3940, -3022.91, "B", "DIP", "COM2", "", "O", 39.37, 94.488, 23.622, 66.142, 90],
		[128, "PAD4_2", 3940, -2137.09, "T", "DIP", "$1N893", "", "O", 39.37, 94.488, 23.622, 66.142, 90],
		[129, "PAD4_2", 3940, -2137.09, "B", "DIP", "$1N893", "", "O", 39.37, 94.488, 23.622, 66.142, 90],
		[130, "PAD5_1", 3296.85, -3260, "T", "DIP", "NO1", "", "C", 98.425, 98.425, 62.992, 62.992, 180],
		[131, "PAD5_1", 3296.85, -3260, "B", "DIP", "NO1", "", "C", 98.425, 98.425, 62.992, 62.992, 180],
		[132, "PAD6_2", 3100, -3260, "T", "DIP", "COM1", "", "C", 98.425, 98.425, 62.992, 62.992, 180],
		[133, "PAD6_2", 3100, -3260, "B", "DIP", "COM1", "", "C", 98.425, 98.425, 62.992, 62.992, 180],
		[134, "PAD7_3", 2903.15, -3260, "T", "DIP", "NC1", "", "C", 98.425, 98.425, 62.992, 62.992, 180],
		[135, "PAD7_3", 2903.15, -3260, "B", "DIP", "NC1", "", "C", 98.425, 98.425, 62.992, 62.992, 180],
		[136, "PAD8_3", 3519.995, -1670, "T", "DIP", "GND", "GND", "C", 70.866, 70.866, 43.308, 43.308, 180],
		[137, "PAD8_3", 3519.995, -1670, "B", "DIP", "GND", "GND", "C", 70.866, 70.866, 43.308, 43.308, 180],
		[138, "PAD9_5", 3738.105, -1670, "T", "DIP", "GND", "GND", "C", 70.866, 70.866, 43.308, 43.308, 180],
		[139, "PAD9_5", 3738.105, -1670, "B", "DIP", "GND", "GND", "C", 70.866, 70.866, 43.308, 43.308, 180],
		[140, "PAD10_4", 3629.055, -1670, "T", "DIP", "VSW", "", "C", 70.866, 70.866, 43.308, 43.308, 180],
		[141, "PAD10_4", 3629.055, -1670, "B", "DIP", "VSW", "", "C", 70.866, 70.866, 43.308, 43.308, 180],
		[142, "PAD11_2", 3410.945, -1670, "T", "DIP", "TEMP", "", "C", 70.866, 70.866, 43.308, 43.308, 180],
		[143, "PAD11_2", 3410.945, -1670, "B", "DIP", "TEMP", "", "C", 70.866, 70.866, 43.308, 43.308, 180],
		[144, "PAD12_1", 3301.885, -1669.999, "T", "DIP", "NO_SIG", "", "R", 70.866, 70.866, 43.308, 43.308, 180],
		[145, "PAD12_1", 3301.885, -1669.999, "B", "DIP", "NO_SIG", "", "R", 70.866, 70.866, 43.308, 43.308, 180],
		[146, "PAD13_6", 3356.405, -1570.001, "T", "DIP", "$1N4107", "", "C", 70.866, 70.866, 43.308, 43.308, 180],
		[147, "PAD13_6", 3356.405, -1570.001, "B", "DIP", "$1N4107", "", "C", 70.866, 70.866, 43.308, 43.308, 180],
		[148, "PAD14_1", 2710, -1460, "T", "DIP", "$1N6126", "", "C", 59.055, 59.055, 35.434, 35.434, 180],
		[149, "PAD14_1", 2710, -1460, "B", "DIP", "$1N6126", "", "C", 59.055, 59.055, 35.434, 35.434, 180],
		[150, "PAD15_2", 2810, -1460, "T", "DIP", "NO_SIG", "", "C", 59.055, 59.055, 35.434, 35.434, 180],
		[151, "PAD15_2", 2810, -1460, "B", "DIP", "NO_SIG", "", "C", 59.055, 59.055, 35.434, 35.434, 180],
		[152, "PAD16_1", 4230, -1460, "T", "DIP", "$1N6129", "", "C", 59.055, 59.055, 35.434, 35.434, 180],
		[153, "PAD16_1", 4230, -1460, "B", "DIP", "$1N6129", "", "C", 59.055, 59.055, 35.434, 35.434, 180],
		[154, "PAD17_2", 4330, -1460, "T", "DIP", "VSW", "", "C", 59.055, 59.055, 35.434, 35.434, 180],
		[155, "PAD17_2", 4330, -1460, "B", "DIP", "VSW", "", "C", 59.055, 59.055, 35.434, 35.434, 180],
		[156, "PAD18_1", 4136.85, -3260, "T", "DIP", "NC2", "", "C", 98.425, 98.425, 62.992, 62.992, 180],
		[157, "PAD18_1", 4136.85, -3260, "B", "DIP", "NC2", "", "C", 98.425, 98.425, 62.992, 62.992, 180],
		[158, "PAD19_2", 3940, -3260, "T", "DIP", "COM2", "", "C", 98.425, 98.425, 62.992, 62.992, 180],
		[159, "PAD19_2", 3940, -3260, "B", "DIP", "COM2", "", "C", 98.425, 98.425, 62.992, 62.992, 180],
		[160, "PAD20_3", 3743.15, -3260, "T", "DIP", "NO2", "", "C", 98.425, 98.425, 62.992, 62.992, 180],
		[161, "PAD20_3", 3743.15, -3260, "B", "DIP", "NO2", "", "C", 98.425, 98.425, 62.992, 62.992, 180],
		[162, "PAD21_2", 4279.37, -1680, "T", "SMD", "GND", "GND", "R", 44.588, 54.213, 0, 0, 0],
		[163, "PAD22_1", 4200.63, -1680, "T", "SMD", "$1N6129", "", "R", 44.588, 54.213, 0, 0, 0],
		[164, "PAD23_2", 2839.37, -1680, "T", "SMD", "GND", "GND", "R", 44.588, 54.213, 0, 0, 0],
		[165, "PAD24_1", 2760.63, -1680, "T", "SMD", "$1N6126", "", "R", 44.588, 54.213, 0, 0, 0],
		[166, "PAD25_4", 4200, -2360, "T", "DIP", "$1N884", "", "C", 78.74, 78.74, 47.244, 47.244, 270],
		[167, "PAD25_4", 4200, -2360, "B", "DIP", "$1N884", "", "C", 78.74, 78.74, 47.244, 47.244, 270],
		[168, "PAD26_5", 4200, -2460, "T", "DIP", "NO1", "", "C", 78.74, 78.74, 47.244, 47.244, 270],
		[169, "PAD26_5", 4200, -2460, "B", "DIP", "NO1", "", "C", 78.74, 78.74, 47.244, 47.244, 270],
		[170, "PAD27_1", 4200, -2060, "T", "DIP", "VSW", "", "C", 78.74, 78.74, 47.244, 47.244, 270],
		[171, "PAD27_1", 4200, -2060, "B", "DIP", "VSW", "", "C", 78.74, 78.74, 47.244, 47.244, 270],
		[172, "PAD28_3", 4200, -2260, "T", "DIP", "NC1", "", "C", 78.74, 78.74, 47.244, 47.244, 270],
		[173, "PAD28_3", 4200, -2260, "B", "DIP", "NC1", "", "C", 78.74, 78.74, 47.244, 47.244, 270],
		[174, "PAD29_8", 4400, -2460, "T", "DIP", "NO2", "", "C", 78.74, 78.74, 47.244, 47.244, 270],
		[175, "PAD29_8", 4400, -2460, "B", "DIP", "NO2", "", "C", 78.74, 78.74, 47.244, 47.244, 270],
		[176, "PAD30_9", 4400, -2360, "T", "DIP", "$1N893", "", "C", 78.74, 78.74, 47.244, 47.244, 270],
		[177, "PAD30_9", 4400, -2360, "B", "DIP", "$1N893", "", "C", 78.74, 78.74, 47.244, 47.244, 270],
		[178, "PAD31_10", 4400, -2260, "T", "DIP", "NC2", "", "C", 78.74, 78.74, 47.244, 47.244, 270],
		[179, "PAD31_10", 4400, -2260, "B", "DIP", "NC2", "", "C", 78.74, 78.74, 47.244, 47.244, 270],
		[180, "PAD32_12", 4400, -2060, "T", "DIP", "$1N839", "", "C", 78.74, 78.74, 47.244, 47.244, 270],
		[181, "PAD32_12", 4400, -2060, "B", "DIP", "$1N839", "", "C", 78.74, 78.74, 47.244, 47.244, 270],
		[182, "PAD33_1", 3520, -3022.91, "T", "DIP", "$1N5885", "", "O", 39.37, 94.488, 23.622, 66.142, 90],
		[183, "PAD33_1", 3520, -3022.91, "B", "DIP", "$1N5885", "", "O", 39.37, 94.488, 23.622, 66.142, 90],
		[184, "PAD34_2", 3520, -2137.09, "T", "DIP", "$1N5890", "", "O", 39.37, 94.488, 23.622, 66.142, 90],
		[185, "PAD34_2", 3520, -2137.09, "B", "DIP", "$1N5890", "", "O", 39.37, 94.488, 23.622, 66.142, 90],
		[186, "PAD35_3", 2753.975, -2290.005, "T", "DIP", "$1N5887", "", "O", 70.87, 59.055, 39.38, 39.39, 90],
		[187, "PAD35_3", 2753.975, -2290.005, "B", "DIP", "$1N5887", "", "O", 70.87, 59.055, 39.38, 39.39, 90],
		[188, "PAD36_2", 2832.715, -2290.005, "T", "DIP", "$1N5887", "", "O", 70.87, 59.055, 39.38, 39.39, 90],
		[189, "PAD36_2", 2832.715, -2290.005, "B", "DIP", "$1N5887", "", "O", 70.87, 59.055, 39.38, 39.39, 90],
		[190, "PAD37_4", 2753.975, -2390.005, "T", "DIP", "GND", "GND", "O", 70.87, 59.055, 39.38, 39.39, 90],
		[191, "PAD37_4", 2753.975, -2390.005, "B", "DIP", "GND", "GND", "O", 70.87, 59.055, 39.38, 39.39, 90],
		[192, "PAD38_6", 2647.285, -2102.795, "T", "DIP", "GND", "GND", "O", 98.43, 157.48, 70.86, 118.11, 90],
		[193, "PAD38_6", 2647.285, -2102.795, "B", "DIP", "GND", "GND", "O", 98.43, 157.48, 70.86, 118.11, 90],
		[194, "PAD39_5", 2647.285, -2577.205, "T", "DIP", "GND", "GND", "O", 98.43, 157.48, 70.86, 118.11, 90],
		[195, "PAD39_5", 2647.285, -2577.205, "B", "DIP", "GND", "GND", "O", 98.43, 157.48, 70.86, 118.11, 90],
		[196, "PAD40_1", 2832.715, -2390.005, "T", "DIP", "$1N5885", "", "O", 70.87, 59.055, 39.38, 39.39, 90],
		[197, "PAD40_1", 2832.715, -2390.005, "B", "DIP", "$1N5885", "", "O", 70.87, 59.055, 39.38, 39.39, 90],
		[198, "PAD41_1", 3621, -1960, "T", "SMD", "VSW", "", "R", 86.614, 66.929, 0, 0, 180],
		[199, "PAD42_2", 3419, -1960, "T", "SMD", "$1N5890", "", "R", 86.614, 66.929, 0, 0, 180],
		[200, "PAD43_1", 4540, -1459, "T", "SMD", "VSW", "", "R", 86.614, 66.929, 0, 0, 270],
		[201, "PAD44_2", 4540, -1661, "T", "SMD", "$1N839", "", "R", 86.614, 66.929, 0, 0, 270],
		[202, "PAD45_2", 4599.37, -1780, "T", "SMD", "$1N6047", "", "R", 44.588, 54.213, 0, 0, 0],
		[203, "PAD46_1", 4520.63, -1780, "T", "SMD", "NO_SIG", "", "R", 44.588, 54.213, 0, 0, 0],
		[204, "PAD47_2", 3300, -1800.63, "T", "SMD", "$1N4107", "", "R", 44.588, 54.213, 0, 0, 90],
		[205, "PAD48_1", 3300, -1879.37, "T", "SMD", "GND", "GND", "R", 44.588, 54.213, 0, 0, 90],
		[206, "PAD49_1", 4619.055, -1886.605, "T", "SMD", "$1N6047", "", "R", 62.008, 26.457, 0, 0, 90],
		[207, "PAD50_3", 4500.945, -1886.605, "T", "SMD", "GND", "GND", "R", 62.008, 26.457, 0, 0, 90],
		[208, "PAD51_2", 4560.005, -1993.395, "T", "SMD", "$1N839", "", "P", 74.804, 211.685, 0, 0, 90],
		[209, "PAD52_3", 4194.39, -1885, "T", "SMD", "VSW", "", "O", 24.803, 73.425, 0, 0, 270],
		[210, "PAD53_4", 4194.39, -1935, "T", "SMD", "TEMP", "", "O", 24.803, 73.425, 0, 0, 270],
		[211, "PAD54_5", 4405.61, -1935, "T", "SMD", "GND", "GND", "O", 24.803, 73.425, 0, 0, 270]
	]
}
}