{
"lengthUnit": "mil",
"remark": [],
"components": {
	"fields": ["COMPONENT_NO", "COMPONENT_NAME", "LAYER", "X_COORDINATE", "Y_COORDINATE", "ANGLE"],
	"rows": [
		[1, "C1", "T", -1120, 870, 90],
		[2, "C2", "T", -1940, 1170, 0],
		[3, "C3", "T", -1750, 1230, 90],
		[4, "C4", "T", -940, 920, 90],
		[5, "C5", "T", -600, 210, 270],
		[6, "C6", "T", -670, 210, 270],
		[7, "C7", "T", -740, 210, 270],
		[8, "C8", "T", -810, 210, 270],
		[9, "C9", "T", -880, 210, 270],
		[10, "C10", "T", -2050, 820, 270],
		[11, "C11", "T", -1160, 210, 90],
		[12, "C12", "T", -1090, 210, 90],
		[13, "C13", "T", -1020, 210, 270],
		[14, "C14", "T", -1300, 210, 90],
		[15, "C15", "T", -1230, 210, 270],
		[16, "C16", "T", -950, 210, 90],
		[17, "CN1", "T", -1169.995, 1443.755, 0],
		[18, "N1", "T", -2140, 1500, 0],
		[19, "N2", "T", -200, 1500, 0],
		[20, "N3", "T", -2140.8405, 439.947, 0],
		[21, "N4", "T", -200, 440, 0],
		[22, "R1", "T", -1830, 1530, 180],
		[23, "R2", "T", -2110, 1180, 90],
		[24, "R3", "T", -2210, 1180, 90],
		[25, "R4", "T", -970, 540, 90],
		[26, "R5", "T", -820, 540, 90],
		[27, "R6", "T", -670, 540, 90],
		[28, "R7", "T", -320, 800, 90],
		[29, "R8", "T", -180, 800, 90],
		[30, "R9", "T", -320, 1060, 90],
		[31, "R10", "T", -180, 1060, 90],
		[32, "R11", "T", -1750, 430, 180],
		[33, "R12", "T", -1630, 430, 180],
		[34, "R13", "T", -1870, 430, 180],
		[35, "R14", "T", -1390, 430, 180],
		[36, "R15", "T", -1510, 430, 180],
		[37, "U1", "T", -1310, 880, 90],
		[38, "U2", "T", -1910, 1310, 270],
		[39, "U3", "T", -790, 860, 0],
		[40, "U4", "T", -1790, 820, 0],
		[41, "U5", "B", -1170, 140, 180],
		[42, "PAD1", "T", -600, 182.44, 0],
		[43, "PAD2", "T", -600, 237.56, 0],
		[44, "PAD3", "T", -670, 182.44, 0],
		[45, "PAD4", "T", -670, 237.56, 0],
		[46, "PAD5", "T", -740, 182.44, 0],
		[47, "PAD6", "T", -740, 237.56, 0],
		[48, "PAD7", "T", -810, 182.44, 0],
		[49, "PAD8", "T", -810, 237.56, 0],
		[50, "PAD9", "T", -880, 182.44, 0],
		[51, "PAD10", "T", -880, 237.56, 0],
		[52, "PAD11", "T", -1230, 182.44, 0],
		[53, "PAD12", "T", -1230, 237.56, 0],
		[54, "PAD13", "T", -1750, 1257.56, 0],
		[55, "PAD14", "T", -1750, 1202.44, 0],
		[56, "PAD15", "T", -1912.44, 1170, 0],
		[57, "PAD16", "T", -1967.56, 1170, 0],
		[58, "PAD17", "T", -940, 947.56, 0],
		[59, "PAD18", "T", -940, 892.44, 0],
		[60, "PAD19", "T", -1120, 897.56, 0],
		[61, "PAD20", "T", -1120, 842.44, 0],
		[62, "PAD21", "T", -320, 839.37, 0],
		[63, "PAD22", "T", -320, 760.63, 0],
		[64, "PAD23", "T", -180, 839.37, 0],
		[65, "PAD24", "T", -180, 760.63, 0],
		[66, "PAD25", "T", -1779.66, 430, 0],
		[67, "PAD26", "T", -1720.34, 430, 0],
		[68, "PAD27", "T", -1659.66, 430, 0],
		[69, "PAD28", "T", -1600.34, 430, 0],
		[70, "PAD29", "T", -1899.66, 430, 0],
		[71, "PAD30", "T", -1840.34, 430, 0],
		[72, "PAD31", "T", -1419.66, 430, 0],
		[73, "PAD32", "T", -1360.34, 430, 0],
		[74, "PAD33", "T", -1539.66, 430, 0],
		[75, "PAD34", "T", -1480.34, 430, 0],
		[76, "PAD35", "T", -180, 1099.37, 0],
		[77, "PAD36", "T", -180, 1020.63, 0],
		[78, "PAD37", "T", -320, 1099.37, 0],
		[79, "PAD38", "T", -320, 1020.63, 0],
		[80, "PAD39", "T", -2210, 1219.37, 0],
		[81, "PAD40", "T", -2210, 1140.63, 0],
		[82, "PAD41", "T", -1869.37, 1530, 0],
		[83, "PAD42", "T", -1790.63, 1530, 0],
		[84, "PAD43", "T", -2110, 1219.37, 0],
		[85, "PAD44", "T", -2110, 1140.63, 0],
		[86, "PAD45", "T", -970, 598.22, 0],
		[87, "PAD46", "T", -970, 481.78, 0],
		[88, "PAD47", "T", -670, 598.22, 0],
		[89, "PAD48", "T", -670, 481.78, 0],
		[90, "PAD49", "T", -820, 598.22, 0],
		[91, "PAD50", "T", -820, 481.78, 0],
		[92, "PAD51", "T", -500.71, 195.115, 0],
		[93, "PAD51", "B", -500.71, 195.115, 0],
		[94, "PAD52", "T", -382.6, 195.115, 0],
		[95, "PAD52", "B", -382.6, 195.115, 0],
		[96, "PAD53", "T", -1839.29, 195.115, 0],
		[97, "PAD53", "B", -1839.29, 195.115, 0],
		[98, "PAD54", "T", -1957.4, 195.115, 0],
		[99, "PAD54", "B", -1957.4, 195.115, 0],
		[100, "PAD55", "T", -495, 84.885, 0],
		[101, "PAD55", "B", -495, 84.885, 0],
		[102, "PAD56", "T", -545, 84.885, 0],
		[103, "PAD56", "B", -545, 84.885, 0],
		[104, "PAD57", "T", -595, 84.885, 0],
		[105, "PAD57", "B", -595, 84.885, 0],
		[106, "PAD58", "T", -645, 84.885, 0],
		[107, "PAD58", "B", -645, 84.885, 0],
		[108, "PAD59", "T", -695, 84.885, 0],
		[109, "PAD59", "B", -695, 84.885, 0],
		[110, "PAD60", "T", -745, 84.885, 0],
		[111, "PAD60", "B", -745, 84.885, 0],
		[112, "PAD61", "T", -795, 84.885, 0],
		[113, "PAD61", "B", -795, 84.885, 0],
		[114, "PAD62", "T", -845, 84.885, 0],
		[115, "PAD62", "B", -845, 84.885, 0],
		[116, "PAD63", "T", -895, 84.885, 0],
		[117, "PAD63", "B", -895, 84.885, 0],
		[118, "PAD64", "T", -945, 84.885, 0],
		[119, "PAD64", "B", -945, 84.885, 0],
		[120, "PAD65", "T", -995, 84.885, 0],
		[121, "PAD65", "B", -995, 84.885, 0],
		[122, "PAD66", "T", -1045, 84.885, 0],
		[123, "PAD66", "B", -1045, 84.885, 0],
		[124, "PAD67", "T", -1095, 84.885, 0],
		[125, "PAD67", "B", -1095, 84.885, 0],
		[126, "PAD68", "T", -1145, 84.885, 0],
		[127, "PAD68", "B", -1145, 84.885, 0],
		[128, "PAD69", "T", -1195, 84.885, 0],
		[129, "PAD69", "B", -1195, 84.885, 0],
		[130, "PAD70", "T", -1245, 84.885, 0],
		[131, "PAD70", "B", -1245, 84.885, 0],
		[132, "PAD71", "T", -1295, 84.885, 0],
		[133, "PAD71", "B", -1295, 84.885, 0],
		[134, "PAD72", "T", -1645, 84.885, 0],
		[135, "PAD72", "B", -1645, 84.885, 0],
		[136, "PAD73", "T", -1695, 84.885, 0],
		[137, "PAD73", "B", -1695, 84.885, 0],
		[138, "PAD74", "T", -1745, 84.885, 0],
		[139, "PAD74", "B", -1745, 84.885, 0],
		[140, "PAD75", "T", -1795, 84.885, 0],
		[141, "PAD75", "B", -1795, 84.885, 0],
		[142, "PAD76", "T", -1845, 84.885, 0],
		[143, "PAD76", "B", -1845, 84.885, 0],
		[144, "PAD77", "T", -1969.055, 1256.605, 0],
		[145, "PAD78", "T", -1850.945, 1256.605, 0],
		[146, "PAD79", "T", -1910.005, 1363.395, 0],
		[147, "PAD80", "T", -1965, 712.3, 0],
		[148, "PAD81", "T", -1915, 712.3, 0],
		[149, "PAD82", "T", -1865, 712.3, 0],
		[150, "PAD83", "T", -1815, 712.3, 0],
		[151, "PAD84", "T", -1765, 712.3, 0],
		[152, "PAD85", "T", -1715, 712.3, 0],
		[153, "PAD86", "T", -1665, 712.3, 0],
		[154, "PAD87", "T", -1615, 712.3, 0],
		[155, "PAD88", "T", -1865, 927.7, 0],
		[156, "PAD89", "T", -1765, 927.7, 0],
		[157, "PAD90", "T", -1715, 927.7, 0],
		[158, "PAD91", "T", -1665, 927.7, 0],
		[159, "PAD92", "T", -1615, 927.7, 0],
		[160, "PAD93", "T", -765, 969.15, 0],
		[161, "PAD94", "T", -865, 969.15, 0],
		[162, "PAD95", "T", -715, 750.85, 0],
		[163, "PAD96", "T", -765, 750.85, 0],
		[164, "PAD97", "T", -815, 750.85, 0],
		[165, "PAD98", "T", -865, 750.85, 0],
		[166, "PAD99", "T", -1160, 237.56, 0],
		[167, "PAD100", "T", -1160, 182.44, 0],
		[168, "PAD101", "T", -1090, 237.56, 0],
		[169, "PAD102", "T", -1090, 182.44, 0],
		[170, "PAD103", "T", -1020, 182.44, 0],
		[171, "PAD104", "T", -1020, 237.56, 0],
		[172, "PAD105", "T", -1300, 237.56, 0],
		[173, "PAD106", "T", -1300, 182.44, 0],
		[174, "PAD107", "T", -950, 237.56, 0],
		[175, "PAD108", "T", -950, 182.44, 0],
		[176, "PAD109", "T", -2050, 792.44, 0],
		[177, "PAD110", "T", -2050, 847.56, 0],
		[178, "PAD111", "T", -1406.22, 1313.83, 0],
		[179, "PAD112", "T", -1406.22, 1573.68, 0],
		[180, "PAD113", "T", -1327.47, 1313.83, 0],
		[181, "PAD114", "T", -1327.48, 1573.68, 0],
		[182, "PAD115", "T", -1248.74, 1313.83, 0],
		[183, "PAD116", "T", -1248.74, 1573.68, 0],
		[184, "PAD117", "T", -1169.99, 1313.83, 0],
		[185, "PAD118", "T", -1170, 1573.68, 0],
		[186, "PAD119", "T", -1091.25, 1313.83, 0],
		[187, "PAD120", "T", -1091.26, 1573.68, 0],
		[188, "PAD121", "T", -1012.51, 1313.83, 0],
		[189, "PAD122", "T", -1012.52, 1573.68, 0],
		[190, "PAD123", "T", -933.77, 1313.83, 0],
		[191, "PAD124", "T", -933.78, 1573.68, 0],
		[192, "PAD125", "T", -1204.39, 905, 0],
		[193, "PAD126", "T", -1204.39, 955, 0],
		[194, "PAD127", "T", -1415.61, 955, 0]
	]
},
"pins": {
	"fields": ["PIN_NO", "PIN_NAME", "PIN_X", "PIN_Y", "LAYER", "PIN_TYPE", "NET_NAME", "NET_TYPE", "PAD_SHAPE", "PAD_SIZEX", "PAD_SIZEY", "HOLE_SIZE", "HOLE_LEN", "PAD_ANGLE"],
	"rows": [
		[1, "C1_1", -1120, 842.44, "T", "SMD", "GND", "GND", "R", 31.496, 35.433, 0, 0, 90],
		[2, "C1_2", -1120, 897.56, "T", "SMD", "+5V", "", "R", 31.496, 35.433, 0, 0, 90],
		[3, "C2_1", -1967.56, 1170, "T", "SMD", "GND", "GND", "R", 31.496, 35.433, 0, 0, 0],
		[4, "C2_2", -1912.44, 1170, "T", "SMD", "$1N6241", "", "R", 31.496, 35.433, 0, 0, 0],
		[5, "C3_1", -1750, 1202.44, "T", "SMD", "GND", "GND", "R", 31.496, 35.433, 0, 0, 90],
		[6, "C3_2", -1750, 1257.56, "T", "SMD", "+3.0V", "", "R", 31.496, 35.433, 0, 0, 90],
		[7, "C4_1", -940, 892.44, "T", "SMD", "GND", "GND", "R", 31.496, 35.433, 0, 0, 90],
		[8, "C4_2", -940, 947.56, "T", "SMD", "+3.3V", "", "R", 31.496, 35.433, 0, 0, 90],
		[9, "C5_1", -600, 237.56, "T", "SMD", "GND", "GND", "R", 31.496, 35.433, 0, 0, 270],
		[10, "C5_2", -600, 182.44, "T", "SMD", "V0", "", "R", 31.496, 35.433, 0, 0, 270],
		[11, "C6_1", -670, 237.56, "T", "SMD", "GND", "GND", "R", 31.496, 35.433, 0, 0, 270],
		[12, "C6_2", -670, 182.44, "T", "SMD", "V1", "", "R", 31.496, 35.433, 0, 0, 270],
		[13, "C7_1", -740, 237.56, "T", "SMD", "GND", "GND", "R", 31.496, 35.433, 0, 0, 270],
		[14, "C7_2", -740, 182.44, "T", "SMD", "V2", "", "R", 31.496, 35.433, 0, 0, 270],
		[15, "C8_1", -810, 237.56, "T", "SMD", "GND", "GND", "R", 31.496, 35.433, 0, 0, 270],
		[16, "C8_2", -810, 182.44, "T", "SMD", "V3", "", "R", 31.496, 35.433, 0, 0, 270],
		[17, "C9_1", -880, 237.56, "T", "SMD", "GND", "GND", "R", 31.496, 35.433, 0, 0, 270],
		[18, "C9_2", -880, 182.44, "T", "SMD", "V4", "", "R", 31.496, 35.433, 0, 0, 270],
		[19, "C10_1", -2050, 847.56, "T", "SMD", "GND", "GND", "R", 31.496, 35.433, 0, 0, 270],
		[20, "C10_2", -2050, 792.44, "T", "SMD", "VCC", "", "R", 31.496, 35.433, 0, 0, 270],
		[21, "C11_1", -1160, 182.44, "T", "SMD", "VOUT", "", "R", 31.496, 35.433, 0, 0, 90],
		[22, "C11_2", -1160, 237.56, "T", "SMD", "GND", "GND", "R", 31.496, 35.433, 0, 0, 90],
		[23, "C12_1", -1090, 182.44, "T", "SMD", "CAP3P", "", "R", 31.496, 35.433, 0, 0, 90],
		[24, "C12_2", -1090, 237.56, "T", "SMD", "CAP1N", "", "R", 31.496, 35.433, 0, 0, 90],
		[25, "C13_1", -1020, 237.56, "T", "SMD", "CAP1N", "", "R", 31.496, 35.433, 0, 0, 270],
		[26, "C13_2", -1020, 182.44, "T", "SMD", "CAP1P", "", "R", 31.496, 35.433, 0, 0, 270],
		[27, "C14_1", -1300, 182.44, "T", "SMD", "VCC", "", "R", 31.496, 35.433, 0, 0, 90],
		[28, "C14_2", -1300, 237.56, "T", "SMD", "GND", "GND", "R", 31.496, 35.433, 0, 0, 90],
		[29, "C15_1", -1230, 237.56, "T", "SMD", "GND", "GND", "R", 31.496, 35.433, 0, 0, 270],
		[30, "C15_2", -1230, 182.44, "T", "SMD", "VCC", "", "R", 31.496, 35.433, 0, 0, 270],
		[31, "C16_1", -950, 182.44, "T", "SMD", "CAP2P", "", "R", 31.496, 35.433, 0, 0, 90],
		[32, "C16_2", -950, 237.56, "T", "SMD", "CAP2N", "", "R", 31.496, 35.433, 0, 0, 90],
		[33, "CN1_1", -1406.22, 1313.83, "T", "SMD", "+5V", "", "R", 78.74, 31.496, 0, 0, 90],
		[34, "CN1_2", -1406.22, 1573.68, "T", "SMD", "+3.3V", "", "R", 78.74, 31.496, 0, 0, 90],
		[35, "CN1_3", -1327.47, 1313.83, "T", "SMD", "+5V", "", "R", 78.74, 31.496, 0, 0, 90],
		[36, "CN1_4", -1327.48, 1573.68, "T", "SMD", "+3.3V", "", "R", 78.74, 31.496, 0, 0, 90],
		[37, "CN1_5", -1248.74, 1313.83, "T", "SMD", "GPIO1", "", "R", 78.74, 31.496, 0, 0, 90],
		[38, "CN1_6", -1248.74, 1573.68, "T", "SMD", "GPIO4", "", "R", 78.74, 31.496, 0, 0, 90],
		[39, "CN1_7", -1169.99, 1313.83, "T", "SMD", "GPIO2", "", "R", 78.74, 31.496, 0, 0, 90],
		[40, "CN1_8", -1170, 1573.68, "T", "SMD", "GPIO5", "", "R", 78.74, 31.496, 0, 0, 90],
		[41, "CN1_9", -1091.25, 1313.83, "T", "SMD", "GPIO3", "", "R", 78.74, 31.496, 0, 0, 90],
		[42, "CN1_10", -1091.26, 1573.68, "T", "SMD", "GPIO6", "", "R", 78.74, 31.496, 0, 0, 90],
		[43, "CN1_11", -1012.51, 1313.83, "T", "SMD", "ONEWIRE", "", "R", 78.74, 31.496, 0, 0, 90],
		[44, "CN1_12", -1012.52, 1573.68, "T", "SMD", "GND", "GND", "R", 78.74, 31.496, 0, 0, 90],
		[45, "CN1_13", -933.77, 1313.83, "T", "SMD", "GND", "GND", "R", 78.74, 31.496, 0, 0, 90],
		[46, "CN1_14", -933.78, 1573.68, "T", "SMD", "GND", "GND", "R", 78.74, 31.496, 0, 0, 90],
		[47, "N1_1", -2080.949, 1559.059, "T", "SMD", "NET_1", "", "P", 110.236, 110.236, 0, 0, 0],
		[48, "N1_1", -2199.059, 1559.059, "T", "SMD", "NET_2", "", "P", 110.236, 110.236, 0, 0, 0],
		[49, "N1_1", -2199.059, 1440.949, "T", "SMD", "NET_3", "", "P", 110.236, 110.236, 0, 0, 0],
		[50, "N1_1", -2080.949, 1440.939, "T", "SMD", "NET_4", "", "P", 110.236, 110.236, 0, 0, 0],
		[51, "N2_1", -140.949, 1559.059, "T", "SMD", "NET_5", "", "P", 110.236, 110.236, 0, 0, 0],
		[52, "N2_1", -259.059, 1559.059, "T", "SMD", "NET_6", "", "P", 110.236, 110.236, 0, 0, 0],
		[53, "N2_1", -259.059, 1440.949, "T", "SMD", "NET_7", "", "P", 110.236, 110.236, 0, 0, 0],
		[54, "N2_1", -140.949, 1440.939, "T", "SMD", "NET_8", "", "P", 110.236, 110.236, 0, 0, 0],
		[55, "N3_1", -2081.7895, 499.006, "T", "SMD", "NET_9", "", "P", 110.236, 110.236, 0, 0, 0],
		[56, "N3_1", -2199.8995, 499.006, "T", "SMD", "NET_10", "", "P", 110.236, 110.236, 0, 0, 0],
		[57, "N3_1", -2199.8995, 380.896, "T", "SMD", "NET_11", "", "P", 110.236, 110.236, 0, 0, 0],
		[58, "N3_1", -2081.7895, 380.886, "T", "SMD", "NET_12", "", "P", 110.236, 110.236, 0, 0, 0],
		[59, "N4_1", -140.949, 499.059, "T", "SMD", "NET_13", "", "P", 110.236, 110.236, 0, 0, 0],
		[60, "N4_1", -259.059, 499.059, "T", "SMD", "NET_14", "", "P", 110.236, 110.236, 0, 0, 0],
		[61, "N4_1", -259.059, 380.949, "T", "SMD", "NET_15", "", "P", 110.236, 110.236, 0, 0, 0],
		[62, "N4_1", -140.949, 380.939, "T", "SMD", "NET_16", "", "P", 110.236, 110.236, 0, 0, 0],
		[63, "R1_1", -1790.63, 1530, "T", "SMD", "+5V", "", "R", 44.588, 54.213, 0, 0, 180],
		[64, "R1_2", -1869.37, 1530, "T", "SMD", "$1N6241", "", "R", 44.588, 54.213, 0, 0, 180],
		[65, "R2_1", -2110, 1140.63, "T", "SMD", "+3.0V", "", "R", 44.588, 54.213, 0, 0, 90],
		[66, "R2_2", -2110, 1219.37, "T", "SMD", "VCC", "", "R", 44.588, 54.213, 0, 0, 90],
		[67, "R3_1", -2210, 1140.63, "T", "SMD", "+3.3V", "", "R", 44.588, 54.213, 0, 0, 90],
		[68, "R3_2", -2210, 1219.37, "T", "SMD", "VCC", "", "R", 44.588, 54.213, 0, 0, 90],
		[69, "R4_1", -970, 481.78, "T", "SMD", "K-RED", "", "R", 47.54, 66.969, 0, 0, 90],
		[70, "R4_2", -970, 598.22, "T", "SMD", "$2N1570", "", "R", 47.54, 66.969, 0, 0, 90],
		[71, "R5_1", -820, 481.78, "T", "SMD", "K-BLUE", "", "R", 47.54, 66.969, 0, 0, 90],
		[72, "R5_2", -820, 598.22, "T", "SMD", "$2N1563", "", "R", 47.54, 66.969, 0, 0, 90],
		[73, "R6_1", -670, 481.78, "T", "SMD", "K-GREEN", "", "R", 47.54, 66.969, 0, 0, 90],
		[74, "R6_2", -670, 598.22, "T", "SMD", "$2N1559", "", "R", 47.54, 66.969, 0, 0, 90],
		[75, "R7_1", -320, 760.63, "T", "SMD", "GREEN-PIN", "", "R", 44.588, 54.213, 0, 0, 90],
		[76, "R7_2", -320, 839.37, "T", "SMD", "VANODE", "", "R", 44.588, 54.213, 0, 0, 90],
		[77, "R8_1", -180, 760.63, "T", "SMD", "GREEN-PIN", "", "R", 44.588, 54.213, 0, 0, 90],
		[78, "R8_2", -180, 839.37, "T", "SMD", "K-GREEN", "", "R", 44.588, 54.213, 0, 0, 90],
		[79, "R9_1", -320, 1020.63, "T", "SMD", "VANODE", "", "R", 44.588, 54.213, 0, 0, 90],
		[80, "R9_2", -320, 1099.37, "T", "SMD", "+3.3V", "", "R", 44.588, 54.213, 0, 0, 90],
		[81, "R10_1", -180, 1020.63, "T", "SMD", "VANODE", "", "R", 44.588, 54.213, 0, 0, 90],
		[82, "R10_2", -180, 1099.37, "T", "SMD", "+5V", "", "R", 44.588, 54.213, 0, 0, 90],
		[83, "R11_1", -1720.34, 430, "T", "SMD", "GND", "GND", "R", 31.751, 34.016, 0, 0, 180],
		[84, "R11_2", -1779.66, 430, "T", "SMD", "NET_17", "", "R", 31.751, 34.016, 0, 0, 180],
		[85, "R12_1", -1600.34, 430, "T", "SMD", "GND", "GND", "R", 31.751, 34.016, 0, 0, 180],
		[86, "R12_2", -1659.66, 430, "T", "SMD", "SCREEN-A0", "", "R", 31.751, 34.016, 0, 0, 180],
		[87, "R13_1", -1840.34, 430, "T", "SMD", "GND", "GND", "R", 31.751, 34.016, 0, 0, 180],
		[88, "R13_2", -1899.66, 430, "T", "SMD", "NET_18", "", "R", 31.751, 34.016, 0, 0, 180],
		[89, "R14_1", -1360.34, 430, "T", "SMD", "GND", "GND", "R", 31.751, 34.016, 0, 0, 180],
		[90, "R14_2", -1419.66, 430, "T", "SMD", "NET_19", "", "R", 31.751, 34.016, 0, 0, 180],
		[91, "R15_1", -1480.34, 430, "T", "SMD", "GND", "GND", "R", 31.751, 34.016, 0, 0, 180],
		[92, "R15_2", -1539.66, 430, "T", "SMD", "SCREEN-SCK", "", "R", 31.751, 34.016, 0, 0, 180],
		[93, "U1_1", -1204.39, 805, "T", "SMD", "NET_20", "", "O", 24.803, 73.425, 0, 0, 90],
		[94, "U1_2", -1204.39, 855, "T", "SMD", "NET_21", "", "O", 24.803, 73.425, 0, 0, 90],
		[95, "U1_3", -1204.39, 905, "T", "SMD", "+5V", "", "O", 24.803, 73.425, 0, 0, 90],
		[96, "U1_4", -1204.39, 955, "T", "SMD", "ONEWIRE", "", "O", 24.803, 73.425, 0, 0, 90],
		[97, "U1_5", -1415.61, 955, "T", "SMD", "GND", "GND", "O", 24.803, 73.425, 0, 0, 90],
		[98, "U1_6", -1415.61, 905, "T", "SMD", "NET_22", "", "O", 24.803, 73.425, 0, 0, 90],
		[99, "U1_7", -1415.61, 855, "T", "SMD", "NET_23", "", "O", 24.803, 73.425, 0, 0, 90],
		[100, "U1_8", -1415.61, 805, "T", "SMD", "NET_24", "", "O", 24.803, 73.425, 0, 0, 90],
		[101, "U2_1", -1969.055, 1256.605, "T", "SMD", "GND", "GND", "R", 62.008, 26.457, 0, 0, 270],
		[102, "U2_2", -1910.005, 1363.395, "T", "SMD", "$1N6241", "", "P", 74.804, 211.685, 0, 0, 270],
		[103, "U2_3", -1850.945, 1256.605, "T", "SMD", "+3.0V", "", "R", 62.008, 26.457, 0, 0, 270],
		[104, "U3_1", -865, 750.85, "T", "SMD", "$2N1570", "", "O", 23.15, 80.512, 0, 0, 0],
		[105, "U3_2", -815, 750.85, "T", "SMD", "$2N1563", "", "O", 23.15, 80.512, 0, 0, 0],
		[106, "U3_3", -765, 750.85, "T", "SMD", "$2N1559", "", "O", 23.15, 80.512, 0, 0, 0],
		[107, "U3_4", -715, 750.85, "T", "SMD", "GND", "GND", "O", 23.15, 80.512, 0, 0, 0],
		[108, "U3_5", -715, 969.15, "T", "SMD", "NET_25", "", "O", 23.15, 80.512, 0, 0, 0],
		[109, "U3_6", -765, 969.15, "T", "SMD", "GPIO2", "", "O", 23.15, 80.512, 0, 0, 0],
		[110, "U3_7", -815, 969.15, "T", "SMD", "NET_26", "", "O", 23.15, 80.512, 0, 0, 0],
		[111, "U3_8", -865, 969.15, "T", "SMD", "+3.3V", "", "O", 23.15, 80.512, 0, 0, 0],
		[112, "U4_1", -1965, 712.3, "T", "SMD", "VCC", "", "O", 23.701, 77.598, 0, 0, 0],
		[113, "U4_2", -1915, 712.3, "T", "SMD", "NET_18", "", "O", 23.701, 77.598, 0, 0, 0],
		[114, "U4_3", -1865, 712.3, "T", "SMD", "GPIO4", "", "O", 23.701, 77.598, 0, 0, 0],
		[115, "U4_4", -1815, 712.3, "T", "SMD", "NET_17", "", "O", 23.701, 77.598, 0, 0, 0],
		[116, "U4_5", -1765, 712.3, "T", "SMD", "GPIO5", "", "O", 23.701, 77.598, 0, 0, 0],
		[117, "U4_6", -1715, 712.3, "T", "SMD", "SCREEN-A0", "", "O", 23.701, 77.598, 0, 0, 0],
		[118, "U4_7", -1665, 712.3, "T", "SMD", "GPIO6", "", "O", 23.701, 77.598, 0, 0, 0],
		[119, "U4_8", -1615, 712.3, "T", "SMD", "GND", "GND", "O", 23.701, 77.598, 0, 0, 0],
		[120, "U4_9", -1615, 927.7, "T", "SMD", "GPIO3", "", "O", 23.701, 77.598, 0, 0, 0],
		[121, "U4_10", -1665, 927.7, "T", "SMD", "NET_19", "", "O", 23.701, 77.598, 0, 0, 0],
		[122, "U4_11", -1715, 927.7, "T", "SMD", "GPIO1", "", "O", 23.701, 77.598, 0, 0, 0],
		[123, "U4_12", -1765, 927.7, "T", "SMD", "SCREEN-SCK", "", "O", 23.701, 77.598, 0, 0, 0],
		[124, "U4_13", -1815, 927.7, "T", "SMD", "NET_27", "", "O", 23.701, 77.598, 0, 0, 0],
		[125, "U4_14", -1865, 927.7, "T", "SMD", "GND", "GND", "O", 23.701, 77.598, 0, 0, 0],
		[126, "U4_15", -1915, 927.7, "T", "SMD", "NET_28", "", "O", 23.701, 77.598, 0, 0, 0],
		[127, "U4_16", -1965, 927.7, "T", "SMD", "NET_29", "", "O", 23.701, 77.598, 0, 0, 0],
		[128, "U5_1", -1845, 84.885, "T", "DIP", "NET_18", "", "R", 39.37, 39.37, 27.56, 27.56, 180],
		[129, "U5_1", -1845, 84.885, "B", "DIP", "NET_18", "", "R", 39.37, 39.37, 27.56, 27.56, 180],
		[130, "U5_2", -1795, 84.885, "T", "DIP", "NET_17", "", "C", 39.37, 39.37, 27.56, 27.56, 180],
		[131, "U5_2", -1795, 84.885, "B", "DIP", "NET_17", "", "C", 39.37, 39.37, 27.56, 27.56, 180],
		[132, "U5_3", -1745, 84.885, "T", "DIP", "SCREEN-A0", "", "C", 39.37, 39.37, 27.56, 27.56, 180],
		[133, "U5_3", -1745, 84.885, "B", "DIP", "SCREEN-A0", "", "C", 39.37, 39.37, 27.56, 27.56, 180],
		[134, "U5_4", -1695, 84.885, "T", "DIP", "VCC", "", "C", 39.37, 39.37, 27.56, 27.56, 180],
		[135, "U5_4", -1695, 84.885, "B", "DIP", "VCC", "", "C", 39.37, 39.37, 27.56, 27.56, 180],
		[136, "U5_5", -1645, 84.885, "T", "DIP", "VCC", "", "C", 39.37, 39.37, 27.56, 27.56, 180],
		[137, "U5_5", -1645, 84.885, "B", "DIP", "VCC", "", "C", 39.37, 39.37, 27.56, 27.56, 180],
		[138, "U5_6", -1595, 84.885, "T", "DIP", "NET_30", "", "C", 39.37, 39.37, 27.56, 27.56, 180],
		[139, "U5_6", -1595, 84.885, "B", "DIP", "NET_30", "", "C", 39.37, 39.37, 27.56, 27.56, 180],
		[140, "U5_7", -1545, 84.885, "T", "DIP", "NET_31", "", "C", 39.37, 39.37, 27.56, 27.56, 180],
		[141, "U5_7", -1545, 84.885, "B", "DIP", "NET_31", "", "C", 39.37, 39.37, 27.56, 27.56, 180],
		[142, "U5_8", -1495, 84.885, "T", "DIP", "NET_32", "", "C", 39.37, 39.37, 27.56, 27.56, 180],
		[143, "U5_8", -1495, 84.885, "B", "DIP", "NET_32", "", "C", 39.37, 39.37, 27.56, 27.56, 180],
		[144, "U5_9", -1445, 84.885, "T", "DIP", "NET_33", "", "C", 39.37, 39.37, 27.56, 27.56, 180],
		[145, "U5_9", -1445, 84.885, "B", "DIP", "NET_33", "", "C", 39.37, 39.37, 27.56, 27.56, 180],
		[146, "U5_10", -1395, 84.885, "T", "DIP", "NET_34", "", "C", 39.37, 39.37, 27.56, 27.56, 180],
		[147, "U5_10", -1395, 84.885, "B", "DIP", "NET_34", "", "C", 39.37, 39.37, 27.56, 27.56, 180],
		[148, "U5_11", -1345, 84.885, "T", "DIP", "NET_35", "", "C", 39.37, 39.37, 27.56, 27.56, 180],
		[149, "U5_11", -1345, 84.885, "B", "DIP", "NET_35", "", "C", 39.37, 39.37, 27.56, 27.56, 180],
		[150, "U5_12", -1295, 84.885, "T", "DIP", "SCREEN-SCK", "", "C", 39.37, 39.37, 27.56, 27.56, 180],
		[151, "U5_12", -1295, 84.885, "B", "DIP", "SCREEN-SCK", "", "C", 39.37, 39.37, 27.56, 27.56, 180],
		[152, "U5_13", -1245, 84.885, "T", "DIP", "NET_19", "", "C", 39.37, 39.37, 27.56, 27.56, 180],
		[153, "U5_13", -1245, 84.885, "B", "DIP", "NET_19", "", "C", 39.37, 39.37, 27.56, 27.56, 180],
		[154, "U5_14", -1195, 84.885, "T", "DIP", "VCC", "", "C", 39.37, 39.37, 27.56, 27.56, 180],
		[155, "U5_14", -1195, 84.885, "B", "DIP", "VCC", "", "C", 39.37, 39.37, 27.56, 27.56, 180],
		[156, "U5_15", -1145, 84.885, "T", "DIP", "GND", "GND", "C", 39.37, 39.37, 27.56, 27.56, 180],
		[157, "U5_15", -1145, 84.885, "B", "DIP", "GND", "GND", "C", 39.37, 39.37, 27.56, 27.56, 180],
		[158, "U5_16", -1095, 84.885, "T", "DIP", "VOUT", "", "C", 39.37, 39.37, 27.56, 27.56, 180],
		[159, "U5_16", -1095, 84.885, "B", "DIP", "VOUT", "", "C", 39.37, 39.37, 27.56, 27.56, 180],
		[160, "U5_17", -1045, 84.885, "T", "DIP", "CAP3P", "", "C", 39.37, 39.37, 27.56, 27.56, 180],
		[161, "U5_17", -1045, 84.885, "B", "DIP", "CAP3P", "", "C", 39.37, 39.37, 27.56, 27.56, 180],
		[162, "U5_18", -995, 84.885, "T", "DIP", "CAP1N", "", "C", 39.37, 39.37, 27.56, 27.56, 180],
		[163, "U5_18", -995, 84.885, "B", "DIP", "CAP1N", "", "C", 39.37, 39.37, 27.56, 27.56, 180],
		[164, "U5_19", -945, 84.885, "T", "DIP", "CAP1P", "", "C", 39.37, 39.37, 27.56, 27.56, 180],
		[165, "U5_19", -945, 84.885, "B", "DIP", "CAP1P", "", "C", 39.37, 39.37, 27.56, 27.56, 180],
		[166, "U5_20", -895, 84.885, "T", "DIP", "CAP2P", "", "C", 39.37, 39.37, 27.56, 27.56, 180],
		[167, "U5_20", -895, 84.885, "B", "DIP", "CAP2P", "", "C", 39.37, 39.37, 27.56, 27.56, 180],
		[168, "U5_21", -845, 84.885, "T", "DIP", "CAP2N", "", "C", 39.37, 39.37, 27.56, 27.56, 180],
		[169, "U5_21", -845, 84.885, "B", "DIP", "CAP2N", "", "C", 39.37, 39.37, 27.56, 27.56, 180],
		[170, "U5_22", -795, 84.885, "T", "DIP", "V4", "", "C", 39.37, 39.37, 27.56, 27.56, 180],
		[171, "U5_22", -795, 84.885, "B", "DIP", "V4", "", "C", 39.37, 39.37, 27.56, 27.56, 180],
		[172, "U5_23", -745, 84.885, "T", "DIP", "V3", "", "C", 39.37, 39.37, 27.56, 27.56, 180],
		[173, "U5_23", -745, 84.885, "B", "DIP", "V3", "", "C", 39.37, 39.37, 27.56, 27.56, 180],
		[174, "U5_24", -695, 84.885, "T", "DIP", "V2", "", "C", 39.37, 39.37, 27.56, 27.56, 180],
		[175, "U5_24", -695, 84.885, "B", "DIP", "V2", "", "C", 39.37, 39.37, 27.56, 27.56, 180],
		[176, "U5_25", -645, 84.885, "T", "DIP", "V1", "", "C", 39.37, 39.37, 27.56, 27.56, 180],
		[177, "U5_25", -645, 84.885, "B", "DIP", "V1", "", "C", 39.37, 39.37, 27.56, 27.56, 180],
		[178, "U5_26", -595, 84.885, "T", "DIP", "V0", "", "C", 39.37, 39.37, 27.56, 27.56, 180],
		[179, "U5_26", -595, 84.885, "B", "DIP", "V0", "", "C", 39.37, 39.37, 27.56, 27.56, 180],
		[180, "U5_27", -545, 84.885, "T", "DIP", "GND", "GND", "C", 39.37, 39.37, 27.56, 27.56, 180],
		[181, "U5_27", -545, 84.885, "B", "DIP", "GND", "GND", "C", 39.37, 39.37, 27.56, 27.56, 180],
		[182, "U5_28", -495, 84.885, "T", "DIP", "GND", "GND", "C", 39.37, 39.37, 27.56, 27.56, 180],
		[183, "U5_28", -495, 84.885, "B", "DIP", "GND", "GND", "C", 39.37, 39.37, 27.56, 27.56, 180],
		[184, "U5_29", -500.71, 195.115, "T", "DIP", "K-BLUE", "", "C", 94.488, 94.488, 70.866, 70.866, 90],
		[185, "U5_29", -500.71, 195.115, "B", "DIP", "K-BLUE", "", "C", 94.488, 94.488, 70.866, 70.866, 90],
		[186, "U5_30", -1839.29, 195.115, "T", "DIP", "VANODE", "", "C", 94.488, 94.488, 70.866, 70.866, 90],
		[187, "U5_30", -1839.29, 195.115, "B", "DIP", "VANODE", "", "C", 94.488, 94.488, 70.866, 70.866, 90],
		[188, "U5_31", -382.6, 195.115, "T", "DIP", "GREEN-PIN", "", "C", 94.488, 94.488, 70.866, 70.866, 90],
		[189, "U5_31", -382.6, 195.115, "B", "DIP", "GREEN-PIN", "", "C", 94.488, 94.488, 70.866, 70.866, 90],
		[190, "U5_32", -1957.4, 195.115, "T", "DIP", "K-RED", "", "C", 94.488, 94.488, 70.866, 70.866, 270],
		[191, "U5_32", -1957.4, 195.115, "B", "DIP", "K-RED", "", "C", 94.488, 94.488, 70.866, 70.866, 270],
		[192, "PAD1_2", -600, 182.44, "T", "SMD", "V0", "", "R", 31.496, 35.433, 0, 0, 270],
		[193, "PAD2_1", -600, 237.56, "T", "SMD", "GND", "GND", "R", 31.496, 35.433, 0, 0, 270],
		[194, "PAD3_2", -670, 182.44, "T", "SMD", "V1", "", "R", 31.496, 35.433, 0, 0, 270],
		[195, "PAD4_1", -670, 237.56, "T", "SMD", "GND", "GND", "R", 31.496, 35.433, 0, 0, 270],
		[196, "PAD5_2", -740, 182.44, "T", "SMD", "V2", "", "R", 31.496, 35.433, 0, 0, 270],
		[197, "PAD6_1", -740, 237.56, "T", "SMD", "GND", "GND", "R", 31.496, 35.433, 0, 0, 270],
		[198, "PAD7_2", -810, 182.44, "T", "SMD", "V3", "", "R", 31.496, 35.433, 0, 0, 270],
		[199, "PAD8_1", -810, 237.56, "T", "SMD", "GND", "GND", "R", 31.496, 35.433, 0, 0, 270],
		[200, "PAD9_2", -880, 182.44, "T", "SMD", "V4", "", "R", 31.496, 35.433, 0, 0, 270],
		[201, "PAD10_1", -880, 237.56, "T", "SMD", "GND", "GND", "R", 31.496, 35.433, 0, 0, 270],
		[202, "PAD11_2", -1230, 182.44, "T", "SMD", "VCC", "", "R", 31.496, 35.433, 0, 0, 270],
		[203, "PAD12_1", -1230, 237.56, "T", "SMD", "GND", "GND", "R", 31.496, 35.433, 0, 0, 270],
		[204, "PAD13_2", -1750, 1257.56, "T", "SMD", "+3.0V", "", "R", 31.496, 35.433, 0, 0, 90],
		[205, "PAD14_1", -1750, 1202.44, "T", "SMD", "GND", "GND", "R", 31.496, 35.433, 0, 0, 90],
		[206, "PAD15_2", -1912.44, 1170, "T", "SMD", "$1N6241", "", "R", 31.496, 35.433, 0, 0, 0],
		[207, "PAD16_1", -1967.56, 1170, "T", "SMD", "GND", "GND", "R", 31.496, 35.433, 0, 0, 0],
		[208, "PAD17_2", -940, 947.56, "T", "SMD", "+3.3V", "", "R", 31.496, 35.433, 0, 0, 90],
		[209, "PAD18_1", -940, 892.44, "T", "SMD", "GND", "GND", "R", 31.496, 35.433, 0, 0, 90],
		[210, "PAD19_2", -1120, 897.56, "T", "SMD", "+5V", "", "R", 31.496, 35.433, 0, 0, 90],
		[211, "PAD20_1", -1120, 842.44, "T", "SMD", "GND", "GND", "R", 31.496, 35.433, 0, 0, 90],
		[212, "PAD21_2", -320, 839.37, "T", "SMD", "VANODE", "", "R", 44.588, 54.213, 0, 0, 90],
		[213, "PAD22_1", -320, 760.63, "T", "SMD", "GREEN-PIN", "", "R", 44.588, 54.213, 0, 0, 90],
		[214, "PAD23_2", -180, 839.37, "T", "SMD", "K-GREEN", "", "R", 44.588, 54.213, 0, 0, 90],
		[215, "PAD24_1", -180, 760.63, "T", "SMD", "GREEN-PIN", "", "R", 44.588, 54.213, 0, 0, 90],
		[216, "PAD25_2", -1779.66, 430, "T", "SMD", "NET_17", "", "R", 31.751, 34.016, 0, 0, 180],
		[217, "PAD26_1", -1720.34, 430, "T", "SMD", "GND", "GND", "R", 31.751, 34.016, 0, 0, 180],
		[218, "PAD27_2", -1659.66, 430, "T", "SMD", "SCREEN-A0", "", "R", 31.751, 34.016, 0, 0, 180],
		[219, "PAD28_1", -1600.34, 430, "T", "SMD", "GND", "GND", "R", 31.751, 34.016, 0, 0, 180],
		[220, "PAD29_2", -1899.66, 430, "T", "SMD", "NET_18", "", "R", 31.751, 34.016, 0, 0, 180],
		[221, "PAD30_1", -1840.34, 430, "T", "SMD", "GND", "GND", "R", 31.751, 34.016, 0, 0, 180],
		[222, "PAD31_2", -1419.66, 430, "T", "SMD", "NET_19", "", "R", 31.751, 34.016, 0, 0, 180],
		[223, "PAD32_1", -1360.34, 430, "T", "SMD", "GND", "GND", "R", 31.751, 34.016, 0, 0, 180],
		[224, "PAD33_2", -1539.66, 430, "T", "SMD", "SCREEN-SCK", "", "R", 31.751, 34.016, 0, 0, 180],
		[225, "PAD34_1", -1480.34, 430, "T", "SMD", "GND", "GND", "R", 31.751, 34.016, 0, 0, 180],
		[226, "PAD35_2", -180, 1099.37, "T", "SMD", "+5V", "", "R", 44.588, 54.213, 0, 0, 90],
		[227, "PAD36_1", -180, 1020.63, "T", "SMD", "VANODE", "", "R", 44.588, 54.213, 0, 0, 90],
		[228, "PAD37_2", -320, 1099.37, "T", "SMD", "+3.3V", "", "R", 44.588, 54.213, 0, 0, 90],
		[229, "PAD38_1", -320, 1020.63, "T", "SMD", "VANODE", "", "R", 44.588, 54.213, 0, 0, 90],
		[230, "PAD39_2", -2210, 1219.37, "T", "SMD", "VCC", "", "R", 44.588, 54.213, 0, 0, 90],
		[231, "PAD40_1", -2210, 1140.63, "T", "SMD", "+3.3V", "", "R", 44.588, 54.213, 0, 0, 90],
		[232, "PAD41_2", -1869.37, 1530, "T", "SMD", "$1N6241", "", "R", 44.588, 54.213, 0, 0, 180],
		[233, "PAD42_1", -1790.63, 1530, "T", "SMD", "+5V", "", "R", 44.588, 54.213, 0, 0, 180],
		[234, "PAD43_2", -2110, 1219.37, "T", "SMD", "VCC", "", "R", 44.588, 54.213, 0, 0, 90],
		[235, "PAD44_1", -2110, 1140.63, "T", "SMD", "+3.0V", "", "R", 44.588, 54.213, 0, 0, 90],
		[236, "PAD45_2", -970, 598.22, "T", "SMD", "$2N1570", "", "R", 47.54, 66.969, 0, 0, 90],
		[237, "PAD46_1", -970, 481.78, "T", "SMD", "K-RED", "", "R", 47.54, 66.969, 0, 0, 90],
		[238, "PAD47_2", -670, 598.22, "T", "SMD", "$2N1559", "", "R", 47.54, 66.969, 0, 0, 90],
		[239, "PAD48_1", -670, 481.78, "T", "SMD", "K-GREEN", "", "R", 47.54, 66.969, 0, 0, 90],
		[240, "PAD49_2", -820, 598.22, "T", "SMD", "$2N1563", "", "R", 47.54, 66.969, 0, 0, 90],
		[241, "PAD50_1", -820, 481.78, "T", "SMD", "K-BLUE", "", "R", 47.54, 66.969, 0, 0, 90],
		[242, "PAD51_29", -500.71, 195.115, "T", "DIP", "K-BLUE", "", "C", 94.488, 94.488, 70.866, 70.866, 90],
		[243, "PAD51_29", -500.71, 195.115, "B", "DIP", "K-BLUE", "", "C", 94.488, 94.488, 70.866, 70.866, 90],
		[244, "PAD52_31", -382.6, 195.115, "T", "DIP", "GREEN-PIN", "", "C", 94.488, 94.488, 70.866, 70.866, 90],
		[245, "PAD52_31", -382.6, 195.115, "B", "DIP", "GREEN-PIN", "", "C", 94.488, 94.488, 70.866, 70.866, 90],
		[246, "PAD53_30", -1839.29, 195.115, "T", "DIP", "VANODE", "", "C", 94.488, 94.488, 70.866, 70.866, 90],
		[247, "PAD53_30", -1839.29, 195.115, "B", "DIP", "VANODE", "", "C", 94.488, 94.488, 70.866, 70.866, 90],
		[248, "PAD54_32", -1957.4, 195.115, "T", "DIP", "K-RED", "", "C", 94.488, 94.488, 70.866, 70.866, 270],
		[249, "PAD54_32", -1957.4, 195.115, "B", "DIP", "K-RED", "", "C", 94.488, 94.488, 70.866, 70.866, 270],
		[250, "PAD55_28", -495, 84.885, "T", "DIP", "GND", "GND", "C", 39.37, 39.37, 27.56, 27.56, 180],
		[251, "PAD55_28", -495, 84.885, "B", "DIP", "GND", "GND", "C", 39.37, 39.37, 27.56, 27.56, 180],
		[252, "PAD56_27", -545, 84.885, "T", "DIP", "GND", "GND", "C", 39.37, 39.37, 27.56, 27.56, 180],
		[253, "PAD56_27", -545, 84.885, "B", "DIP", "GND", "GND", "C", 39.37, 39.37, 27.56, 27.56, 180],
		[254, "PAD57_26", -595, 84.885, "T", "DIP", "V0", "", "C", 39.37, 39.37, 27.56, 27.56, 180],
		[255, "PAD57_26", -595, 84.885, "B", "DIP", "V0", "", "C", 39.37, 39.37, 27.56, 27.56, 180],
		[256, "PAD58_25", -645, 84.885, "T", "DIP", "V1", "", "C", 39.37, 39.37, 27.56, 27.56, 180],
		[257, "PAD58_25", -645, 84.885, "B", "DIP", "V1", "", "C", 39.37, 39.37, 27.56, 27.56, 180],
		[258, "PAD59_24", -695, 84.885, "T", "DIP", "V2", "", "C", 39.37, 39.37, 27.56, 27.56, 180],
		[259, "PAD59_24", -695, 84.885, "B", "DIP", "V2", "", "C", 39.37, 39.37, 27.56, 27.56, 180],
		[260, "PAD60_23", -745, 84.885, "T", "DIP", "V3", "", "C", 39.37, 39.37, 27.56, 27.56, 180],
		[261, "PAD60_23", -745, 84.885, "B", "DIP", "V3", "", "C", 39.37, 39.37, 27.56, 27.56, 180],
		[262, "PAD61_22", -795, 84.885, "T", "DIP", "V4", "", "C", 39.37, 39.37, 27.56, 27.56, 180],
		[263, "PAD61_22", -795, 84.885, "B", "DIP", "V4", "", "C", 39.37, 39.37, 27.56, 27.56, 180],
		[264, "PAD62_21", -845, 84.885, "T", "DIP", "CAP2N", "", "C", 39.37, 39.37, 27.56, 27.56, 180],
		[265, "PAD62_21", -845, 84.885, "B", "DIP", "CAP2N", "", "C", 39.37, 39.37, 27.56, 27.56, 180],
		[266, "PAD63_20", -895, 84.885, "T", "DIP", "CAP2P", "", "C", 39.37, 39.37, 27.56, 27.56, 180],
		[267, "PAD63_20", -895, 84.885, "B", "DIP", "CAP2P", "", "C", 39.37, 39.37, 27.56, 27.56, 180],
		[268, "PAD64_19", -945, 84.885, "T", "DIP", "CAP1P", "", "C", 39.37, 39.37, 27.56, 27.56, 180],
		[269, "PAD64_19", -945, 84.885, "B", "DIP", "CAP1P", "", "C", 39.37, 39.37, 27.56, 27.56, 180],
		[270, "PAD65_18", -995, 84.885, "T", "DIP", "CAP1N", "", "C", 39.37, 39.37, 27.56, 27.56, 180],
		[271, "PAD65_18", -995, 84.885, "B", "DIP", "CAP1N", "", "C", 39.37, 39.37, 27.56, 27.56, 180],
		[272, "PAD66_17", -1045, 84.885, "T", "DIP", "CAP3P", "", "C", 39.37, 39.37, 27.56, 27.56, 180],
		[273, "PAD66_17", -1045, 84.885, "B", "DIP", "CAP3P", "", "C", 39.37, 39.37, 27.56, 27.56, 180],
		[274, "PAD67_16", -1095, 84.885, "T", "DIP", "VOUT", "", "C", 39.37, 39.37, 27.56, 27.56, 180],
		[275, "PAD67_16", -1095, 84.885, "B", "DIP", "VOUT", "", "C", 39.37, 39.37, 27.56, 27.56, 180],
		[276, "PAD68_15", -1145, 84.885, "T", "DIP", "GND", "GND", "C", 39.37, 39.37, 27.56, 27.56, 180],
		[277, "PAD68_15", -1145, 84.885, "B", "DIP", "GND", "GND", "C", 39.37, 39.37, 27.56, 27.56, 180],
		[278, "PAD69_14", -1195, 84.885, "T", "DIP", "VCC", "", "C", 39.37, 39.37, 27.56, 27.56, 180],
		[279, "PAD69_14", -1195, 84.885, "B", "DIP", "VCC", "", "C", 39.37, 39.37, 27.56, 27.56, 180],
		[280, "PAD70_13", -1245, 84.885, "T", "DIP", "NET_19", "", "C", 39.37, 39.37, 27.56, 27.56, 180],
		[281, "PAD70_13", -1245, 84.885, "B", "DIP", "NET_19", "", "C", 39.37, 39.37, 27.56, 27.56, 180],
		[282, "PAD71_12", -1295, 84.885, "T", "DIP", "SCREEN-SCK", "", "C", 39.37, 39.37, 27.56, 27.56, 180],
		[283, "PAD71_12", -1295, 84.885, "B", "DIP", "SCREEN-SCK", "", "C", 39.37, 39.37, 27.56, 27.56, 180],
		[284, "PAD72_5", -1645, 84.885, "T", "DIP", "VCC", "", "C", 39.37, 39.37, 27.56, 27.56, 180],
		[285, "PAD72_5", -1645, 84.885, "B", "DIP", "VCC", "", "C", 39.37, 39.37, 27.56, 27.56, 180],
		[286, "PAD73_4", -1695, 84.885, "T", "DIP", "VCC", "", "C", 39.37, 39.37, 27.56, 27.56, 180],
		[287, "PAD73_4", -1695, 84.885, "B", "DIP", "VCC", "", "C", 39.37, 39.37, 27.56, 27.56, 180],
		[288, "PAD74_3", -1745, 84.885, "T", "DIP", "SCREEN-A0", "", "C", 39.37, 39.37, 27.56, 27.56, 180],
		[289, "PAD74_3", -1745, 84.885, "B", "DIP", "SCREEN-A0", "", "C", 39.37, 39.37, 27.56, 27.56, 180],
		[290, "PAD75_2", -1795, 84.885, "T", "DIP", "NET_17", "", "C", 39.37, 39.37, 27.56, 27.56, 180],
		[291, "PAD75_2", -1795, 84.885, "B", "DIP", "NET_17", "", "C", 39.37, 39.37, 27.56, 27.56, 180],
		[292, "PAD76_1", -1845, 84.885, "T", "DIP", "NET_18", "", "R", 39.37, 39.37, 27.56, 27.56, 180],
		[293, "PAD76_1", -1845, 84.885, "B", "DIP", "NET_18", "", "R", 39.37, 39.37, 27.56, 27.56, 180],
		[294, "PAD77_1", -1969.055, 1256.605, "T", "SMD", "GND", "GND", "R", 62.008, 26.457, 0, 0, 270],
		[295, "PAD78_3", -1850.945, 1256.605, "T", "SMD", "+3.0V", "", "R", 62.008, 26.457, 0, 0, 270],
		[296, "PAD79_2", -1910.005, 1363.395, "T", "SMD", "$1N6241", "", "P", 74.804, 211.685, 0, 0, 270],
		[297, "PAD80_1", -1965, 712.3, "T", "SMD", "VCC", "", "O", 23.701, 77.598, 0, 0, 0],
		[298, "PAD81_2", -1915, 712.3, "T", "SMD", "NET_18", "", "O", 23.701, 77.598, 0, 0, 0],
		[299, "PAD82_3", -1865, 712.3, "T", "SMD", "GPIO4", "", "O", 23.701, 77.598, 0, 0, 0],
		[300, "PAD83_4", -1815, 712.3, "T", "SMD", "NET_17", "", "O", 23.701, 77.598, 0, 0, 0],
		[301, "PAD84_5", -1765, 712.3, "T", "SMD", "GPIO5", "", "O", 23.701, 77.598, 0, 0, 0],
		[302, "PAD85_6", -1715, 712.3, "T", "SMD", "SCREEN-A0", "", "O", 23.701, 77.598, 0, 0, 0],
		[303, "PAD86_7", -1665, 712.3, "T", "SMD", "GPIO6", "", "O", 23.701, 77.598, 0, 0, 0],
		[304, "PAD87_8", -1615, 712.3, "T", "SMD", "GND", "GND", "O", 23.701, 77.598, 0, 0, 0],
		[305, "PAD88_14", -1865, 927.7, "T", "SMD", "GND", "GND", "O", 23.701, 77.598, 0, 0, 0],
		[306, "PAD89_12", -1765, 927.7, "T", "SMD", "SCREEN-SCK", "", "O", 23.701, 77.598, 0, 0, 0],
		[307, "PAD90_11", -1715, 927.7, "T", "SMD", "GPIO1", "", "O", 23.701, 77.598, 0, 0, 0],
		[308, "PAD91_10", -1665, 927.7, "T", "SMD", "NET_19", "", "O", 23.701, 77.598, 0, 0, 0],
		[309, "PAD92_9", -1615, 927.7, "T", "SMD", "GPIO3", "", "O", 23.701, 77.598, 0, 0, 0],
		[310, "PAD93_6", -765, 969.15, "T", "SMD", "GPIO2", "", "O", 23.15, 80.512, 0, 0, 0],
		[311, "PAD94_8", -865, 969.15, "T", "SMD", "+3.3V", "", "O", 23.15, 80.512, 0, 0, 0],
		[312, "PAD95_4", -715, 750.85, "T", "SMD", "GND", "GND", "O", 23.15, 80.512, 0, 0, 0],
		[313, "PAD96_3", -765, 750.85, "T", "SMD", "$2N1559", "", "O", 23.15, 80.512, 0, 0, 0],
		[314, "PAD97_2", -815, 750.85, "T", "SMD", "$2N1563", "", "O", 23.15, 80.512, 0, 0, 0],
		[315, "PAD98_1", -865, 750.85, "T", "SMD", "$2N1570", "", "O", 23.15, 80.512, 0, 0, 0],
		[316, "PAD99_2", -1160, 237.56, "T", "SMD", "GND", "GND", "R", 31.496, 35.433, 0, 0, 90],
		[317, "PAD100_1", -1160, 182.44, "T", "SMD", "VOUT", "", "R", 31.496, 35.433, 0, 0, 90],
		[318, "PAD101_2", -1090, 237.56, "T", "SMD", "CAP1N", "", "R", 31.496, 35.433, 0, 0, 90],
		[319, "PAD102_1", -1090, 182.44, "T", "SMD", "CAP3P", "", "R", 31.496, 35.433, 0, 0, 90],
		[320, "PAD103_2", -1020, 182.44, "T", "SMD", "CAP1P", "", "R", 31.496, 35.433, 0, 0, 270],
		[321, "PAD104_1", -1020, 237.56, "T", "SMD", "CAP1N", "", "R", 31.496, 35.433, 0, 0, 270],
		[322, "PAD105_2", -1300, 237.56, "T", "SMD", "GND", "GND", "R", 31.496, 35.433, 0, 0, 90],
		[323, "PAD106_1", -1300, 182.44, "T", "SMD", "VCC", "", "R", 31.496, 35.433, 0, 0, 90],
		[324, "PAD107_2", -950, 237.56, "T", "SMD", "CAP2N", "", "R", 31.496, 35.433, 0, 0, 90],
		[325, "PAD108_1", -950, 182.44, "T", "SMD", "CAP2P", "", "R", 31.496, 35.433, 0, 0, 90],
		[326, "PAD109_2", -2050, 792.44, "T", "SMD", "VCC", "", "R", 31.496, 35.433, 0, 0, 270],
		[327, "PAD110_1", -2050, 847.56, "T", "SMD", "GND", "GND", "R", 31.496, 35.433, 0, 0, 270],
		[328, "PAD111_1", -1406.22, 1313.83, "T", "SMD", "+5V", "", "R", 78.74, 31.496, 0, 0, 90],
		[329, "PAD112_2", -1406.22, 1573.68, "T", "SMD", "+3.3V", "", "R", 78.74, 31.496, 0, 0, 90],
		[330, "PAD113_3", -1327.47, 1313.83, "T", "SMD", "+5V", "", "R", 78.74, 31.496, 0, 0, 90],
		[331, "PAD114_4", -1327.48, 1573.68, "T", "SMD", "+3.3V", "", "R", 78.74, 31.496, 0, 0, 90],
		[332, "PAD115_5", -1248.74, 1313.83, "T", "SMD", "GPIO1", "", "R", 78.74, 31.496, 0, 0, 90],
		[333, "PAD116_6", -1248.74, 1573.68, "T", "SMD", "GPIO4", "", "R", 78.74, 31.496, 0, 0, 90],
		[334, "PAD117_7", -1169.99, 1313.83, "T", "SMD", "GPIO2", "", "R", 78.74, 31.496, 0, 0, 90],
		[335, "PAD118_8", -1170, 1573.68, "T", "SMD", "GPIO5", "", "R", 78.74, 31.496, 0, 0, 90],
		[336, "PAD119_9", -1091.25, 1313.83, "T", "SMD", "GPIO3", "", "R", 78.74, 31.496, 0, 0, 90],
		[337, "PAD120_10", -1091.26, 1573.68, "T", "SMD", "GPIO6", "", "R", 78.74, 31.496, 0, 0, 90],
		[338, "PAD121_11", -1012.51, 1313.83, "T", "SMD", "ONEWIRE", "", "R", 78.74, 31.496, 0, 0, 90],
		[339, "PAD122_12", -1012.52, 1573.68, "T", "SMD", "GND", "GND", "R", 78.74, 31.496, 0, 0, 90],
		[340, "PAD123_13", -933.77, 1313.83, "T", "SMD", "GND", "GND", "R", 78.74, 31.496, 0, 0, 90],
		[341, "PAD124_14", -933.78, 1573.68, "T", "SMD", "GND", "GND", "R", 78.74, 31.496, 0, 0, 90],
		[342, "PAD125_3", -1204.39, 905, "T", "SMD", "+5V", "", "O", 24.803, 73.425, 0, 0, 90],
		[343, "PAD126_4", -1204.39, 955, "T", "SMD", "ONEWIRE", "", "O", 24.803, 73.425, 0, 0, 90],
		[344, "PAD127_5", -1415.61, 955, "T", "SMD", "GND", "GND", "O", 24.803, 73.425, 0, 0, 90]
	]
}
}