{
"lengthUnit": "mil",
"remark": [],
"components": {
	"fields": ["COMPONENT_NO", "COMPONENT_NAME", "LAYER", "X_COORDINATE", "Y_COORDINATE", "ANGLE"],
	"rows": [
		[1, "C1", "B", 2800, 280, 90],
		[2, "C2", "B", 1180, 280, 270],
		[3, "C3", "T", 2980, 440, 180],
		[4, "C4", "T", 2560, 440, 180],
		[5, "C5", "T", 2140, 440, 180],
		[6, "C6", "T", 1720, 440, 180],
		[7, "C7", "T", 1290, 440, 180],
		[8, "C8", "T", 860, 440, 180],
		[9, "C9", "T", 440, 440, 180],
		[10, "CN3", "B", 1792.135, 280, 180],
		[11, "LED1", "T", 3060, 280, 0],
		[12, "LED2", "T", 2636.6667, 280, 0],
		[13, "LED3", "T", 2213.3333, 280, 0],
		[14, "LED4", "T", 1790, 280, 0],
		[15, "LED5", "T", 1366.6667, 280, 0],
		[16, "LED6", "T", 943.3333, 280, 0],
		[17, "LED7", "T", 520, 280, 0],
		[18, "N1", "B", 3380, 280, 180],
		[19, "N2", "B", 200, 280, 180],
		[20, "U1", "B", 980, 260, 270],
		[21, "U2", "B", 2560, 280, 180],
		[22, "PAD1", "B", 2800, 319.37, 0],
		[23, "PAD2", "B", 2800, 240.63, 0],
		[24, "PAD3", "B", 1180, 240.63, 0],
		[25, "PAD4", "B", 1180, 319.37, 0],
		[26, "PAD5", "T", 2940.63, 440, 0],
		[27, "PAD6", "T", 3019.37, 440, 0],
		[28, "PAD7", "T", 2520.63, 440, 0],
		[29, "PAD8", "T", 2599.37, 440, 0],
		[30, "PAD9", "T", 2100.63, 440, 0],
		[31, "PAD10", "T", 2179.37, 440, 0],
		[32, "PAD11", "T", 1680.63, 440, 0],
		[33, "PAD12", "T", 1759.37, 440, 0],
		[34, "PAD13", "T", 1250.63, 440, 0],
		[35, "PAD14", "T", 1329.37, 440, 0],
		[36, "PAD15", "T", 820.63, 440, 0],
		[37, "PAD16", "T", 899.37, 440, 0],
		[38, "PAD17", "B", 2028.36, 150.075, 0],
		[39, "PAD18", "B", 1949.61, 150.075, 0],
		[40, "PAD19", "B", 1870.88, 150.075, 0],
		[41, "PAD20", "B", 1870.88, 409.925, 0],
		[42, "PAD21", "B", 1792.13, 150.075, 0],
		[43, "PAD22", "B", 1792.14, 409.925, 0],
		[44, "PAD23", "B", 1713.39, 150.075, 0],
		[45, "PAD24", "B", 1713.4, 409.925, 0],
		[46, "PAD25", "B", 1634.65, 150.075, 0],
		[47, "PAD26", "B", 1634.66, 409.925, 0],
		[48, "PAD27", "B", 1555.91, 150.075, 0],
		[49, "PAD28", "B", 1555.92, 409.925, 0],
		[50, "PAD29", "B", 2460, 383.11, 0],
		[51, "PAD30", "B", 2510, 383.11, 0],
		[52, "PAD31", "B", 2610, 383.11, 0],
		[53, "PAD32", "B", 2660, 383.11, 0],
		[54, "PAD33", "B", 2710, 383.11, 0],
		[55, "PAD34", "B", 2410, 176.89, 0],
		[56, "PAD35", "B", 2510, 176.89, 0],
		[57, "PAD36", "B", 2560, 176.89, 0],
		[58, "PAD37", "B", 2610, 176.89, 0],
		[59, "PAD38", "B", 2660, 176.89, 0],
		[60, "PAD39", "B", 2710, 176.89, 0],
		[61, "PAD40", "T", 3178.425, 217.01, 0],
		[62, "PAD41", "T", 3178.425, 342.99, 0],
		[63, "PAD42", "T", 2941.575, 342.99, 0],
		[64, "PAD43", "T", 2941.575, 217.01, 0],
		[65, "PAD44", "T", 2755.0917, 217.01, 0],
		[66, "PAD45", "T", 2755.0917, 342.99, 0],
		[67, "PAD46", "T", 2518.2417, 342.99, 0],
		[68, "PAD47", "T", 2518.2417, 217.01, 0],
		[69, "PAD48", "T", 2331.7583, 217.01, 0],
		[70, "PAD49", "T", 2331.7583, 342.99, 0],
		[71, "PAD50", "T", 2094.9083, 342.99, 0],
		[72, "PAD51", "T", 2094.9083, 217.01, 0],
		[73, "PAD52", "T", 1908.425, 217.01, 0],
		[74, "PAD53", "T", 1908.425, 342.99, 0],
		[75, "PAD54", "T", 1671.575, 342.99, 0],
		[76, "PAD55", "T", 1671.575, 217.01, 0],
		[77, "PAD56", "T", 1485.0917, 217.01, 0],
		[78, "PAD57", "T", 1485.0917, 342.99, 0],
		[79, "PAD58", "T", 1248.2417, 342.99, 0],
		[80, "PAD59", "T", 1248.2417, 217.01, 0],
		[81, "PAD60", "T", 1061.7583, 217.01, 0],
		[82, "PAD61", "T", 1061.7583, 342.99, 0],
		[83, "PAD62", "T", 824.9083, 342.99, 0],
		[84, "PAD63", "T", 824.9083, 217.01, 0],
		[85, "PAD64", "T", 400.63, 440, 0],
		[86, "PAD65", "T", 479.37, 440, 0],
		[87, "PAD66", "T", 638.425, 217.01, 0],
		[88, "PAD67", "T", 638.425, 342.99, 0],
		[89, "PAD68", "T", 401.575, 342.99, 0],
		[90, "PAD69", "B", 1085.61, 235, 0],
		[91, "PAD70", "B", 1085.61, 185, 0],
		[92, "PAD71", "B", 874.39, 185, 0]
	]
},
"pins": {
	"fields": ["PIN_NO", "PIN_NAME", "PIN_X", "PIN_Y", "LAYER", "PIN_TYPE", "NET_NAME", "NET_TYPE", "PAD_SHAPE", "PAD_SIZEX", "PAD_SIZEY", "HOLE_SIZE", "HOLE_LEN", "PAD_ANGLE"],
	"rows": [
		[1, "C1_1", 2800, 240.63, "B", "SMD", "GND", "GND", "R", 55.512, 53.15, 0, 0, 90],
		[2, "C1_2", 2800, 319.37, "B", "SMD", "+5V", "", "R", 55.512, 53.15, 0, 0, 90],
		[3, "C2_1", 1180, 319.37, "B", "SMD", "GND", "GND", "R", 55.512, 53.15, 0, 0, 270],
		[4, "C2_2", 1180, 240.63, "B", "SMD", "+5V", "", "R", 55.512, 53.15, 0, 0, 270],
		[5, "C3_1", 3019.37, 440, "T", "SMD", "GND", "GND", "R", 55.512, 53.15, 0, 0, 180],
		[6, "C3_2", 2940.63, 440, "T", "SMD", "+5V", "", "R", 55.512, 53.15, 0, 0, 180],
		[7, "C4_1", 2599.37, 440, "T", "SMD", "GND", "GND", "R", 55.512, 53.15, 0, 0, 180],
		[8, "C4_2", 2520.63, 440, "T", "SMD", "+5V", "", "R", 55.512, 53.15, 0, 0, 180],
		[9, "C5_1", 2179.37, 440, "T", "SMD", "GND", "GND", "R", 55.512, 53.15, 0, 0, 180],
		[10, "C5_2", 2100.63, 440, "T", "SMD", "+5V", "", "R", 55.512, 53.15, 0, 0, 180],
		[11, "C6_1", 1759.37, 440, "T", "SMD", "GND", "GND", "R", 55.512, 53.15, 0, 0, 180],
		[12, "C6_2", 1680.63, 440, "T", "SMD", "+5V", "", "R", 55.512, 53.15, 0, 0, 180],
		[13, "C7_1", 1329.37, 440, "T", "SMD", "GND", "GND", "R", 55.512, 53.15, 0, 0, 180],
		[14, "C7_2", 1250.63, 440, "T", "SMD", "+5V", "", "R", 55.512, 53.15, 0, 0, 180],
		[15, "C8_1", 899.37, 440, "T", "SMD", "GND", "GND", "R", 55.512, 53.15, 0, 0, 180],
		[16, "C8_2", 820.63, 440, "T", "SMD", "+5V", "", "R", 55.512, 53.15, 0, 0, 180],
		[17, "C9_1", 479.37, 440, "T", "SMD", "GND", "GND", "R", 55.512, 53.15, 0, 0, 180],
		[18, "C9_2", 400.63, 440, "T", "SMD", "+5V", "", "R", 55.512, 53.15, 0, 0, 180],
		[19, "CN3_1", 2028.36, 150.075, "B", "SMD", "+5V", "", "R", 78.74, 31.496, 0, 0, 90],
		[20, "CN3_2", 2028.36, 409.925, "B", "SMD", "NET_1", "", "R", 78.74, 31.496, 0, 0, 90],
		[21, "CN3_3", 1949.61, 150.075, "B", "SMD", "+5V", "", "R", 78.74, 31.496, 0, 0, 90],
		[22, "CN3_4", 1949.62, 409.925, "B", "SMD", "NET_2", "", "R", 78.74, 31.496, 0, 0, 90],
		[23, "CN3_5", 1870.88, 150.075, "B", "SMD", "GPIO1", "", "R", 78.74, 31.496, 0, 0, 90],
		[24, "CN3_6", 1870.88, 409.925, "B", "SMD", "GPIO4", "", "R", 78.74, 31.496, 0, 0, 90],
		[25, "CN3_7", 1792.13, 150.075, "B", "SMD", "GPIO2", "", "R", 78.74, 31.496, 0, 0, 90],
		[26, "CN3_8", 1792.14, 409.925, "B", "SMD", "GPIO5", "", "R", 78.74, 31.496, 0, 0, 90],
		[27, "CN3_9", 1713.39, 150.075, "B", "SMD", "GPIO3", "", "R", 78.74, 31.496, 0, 0, 90],
		[28, "CN3_10", 1713.4, 409.925, "B", "SMD", "GPIO6", "", "R", 78.74, 31.496, 0, 0, 90],
		[29, "CN3_11", 1634.65, 150.075, "B", "SMD", "ONEWIRE", "", "R", 78.74, 31.496, 0, 0, 90],
		[30, "CN3_12", 1634.66, 409.925, "B", "SMD", "GND", "GND", "R", 78.74, 31.496, 0, 0, 90],
		[31, "CN3_13", 1555.91, 150.075, "B", "SMD", "GND", "GND", "R", 78.74, 31.496, 0, 0, 90],
		[32, "CN3_14", 1555.92, 409.925, "B", "SMD", "GND", "GND", "R", 78.74, 31.496, 0, 0, 90],
		[33, "LED1_1", 2941.575, 342.99, "T", "SMD", "+5V", "", "R", 110.2362, 39.37, 0, 0, 180],
		[34, "LED1_2", 2941.575, 217.01, "T", "SMD", "$1N1285", "", "R", 110.2362, 39.37, 0, 0, 180],
		[35, "LED1_3", 3178.425, 217.01, "T", "SMD", "GND", "GND", "R", 110.2362, 39.37, 0, 0, 180],
		[36, "LED1_4", 3178.425, 342.99, "T", "SMD", "DIN", "", "R", 110.2362, 39.37, 0, 0, 180],
		[37, "LED2_1", 2518.2417, 342.99, "T", "SMD", "+5V", "", "R", 110.2362, 39.37, 0, 0, 180],
		[38, "LED2_2", 2518.2417, 217.01, "T", "SMD", "$1N1388", "", "R", 110.2362, 39.37, 0, 0, 180],
		[39, "LED2_3", 2755.0917, 217.01, "T", "SMD", "GND", "GND", "R", 110.2362, 39.37, 0, 0, 180],
		[40, "LED2_4", 2755.0917, 342.99, "T", "SMD", "$1N1285", "", "R", 110.2362, 39.37, 0, 0, 180],
		[41, "LED3_1", 2094.9083, 342.99, "T", "SMD", "+5V", "", "R", 110.2362, 39.37, 0, 0, 180],
		[42, "LED3_2", 2094.9083, 217.01, "T", "SMD", "$1N1465", "", "R", 110.2362, 39.37, 0, 0, 180],
		[43, "LED3_3", 2331.7583, 217.01, "T", "SMD", "GND", "GND", "R", 110.2362, 39.37, 0, 0, 180],
		[44, "LED3_4", 2331.7583, 342.99, "T", "SMD", "$1N1388", "", "R", 110.2362, 39.37, 0, 0, 180],
		[45, "LED4_1", 1671.575, 342.99, "T", "SMD", "+5V", "", "R", 110.2362, 39.37, 0, 0, 180],
		[46, "LED4_2", 1671.575, 217.01, "T", "SMD", "$1N1542", "", "R", 110.2362, 39.37, 0, 0, 180],
		[47, "LED4_3", 1908.425, 217.01, "T", "SMD", "GND", "GND", "R", 110.2362, 39.37, 0, 0, 180],
		[48, "LED4_4", 1908.425, 342.99, "T", "SMD", "$1N1465", "", "R", 110.2362, 39.37, 0, 0, 180],
		[49, "LED5_1", 1248.2417, 342.99, "T", "SMD", "+5V", "", "R", 110.2362, 39.37, 0, 0, 180],
		[50, "LED5_2", 1248.2417, 217.01, "T", "SMD", "$1N1619", "", "R", 110.2362, 39.37, 0, 0, 180],
		[51, "LED5_3", 1485.0917, 217.01, "T", "SMD", "GND", "GND", "R", 110.2362, 39.37, 0, 0, 180],
		[52, "LED5_4", 1485.0917, 342.99, "T", "SMD", "$1N1542", "", "R", 110.2362, 39.37, 0, 0, 180],
		[53, "LED6_1", 824.9083, 342.99, "T", "SMD", "+5V", "", "R", 110.2362, 39.37, 0, 0, 180],
		[54, "LED6_2", 824.9083, 217.01, "T", "SMD", "$1N4210", "", "R", 110.2362, 39.37, 0, 0, 180],
		[55, "LED6_3", 1061.7583, 217.01, "T", "SMD", "GND", "GND", "R", 110.2362, 39.37, 0, 0, 180],
		[56, "LED6_4", 1061.7583, 342.99, "T", "SMD", "$1N1619", "", "R", 110.2362, 39.37, 0, 0, 180],
		[57, "LED7_1", 401.575, 342.99, "T", "SMD", "+5V", "", "R", 110.2362, 39.37, 0, 0, 180],
		[58, "LED7_2", 401.575, 217.01, "T", "SMD", "NET_3", "", "R", 110.2362, 39.37, 0, 0, 180],
		[59, "LED7_3", 638.425, 217.01, "T", "SMD", "GND", "GND", "R", 110.2362, 39.37, 0, 0, 180],
		[60, "LED7_4", 638.425, 342.99, "T", "SMD", "$1N4210", "", "R", 110.2362, 39.37, 0, 0, 180],
		[61, "N1_1", 3320.949, 339.059, "B", "SMD", "NET_4", "", "P", 110.236, 110.236, 0, 0, 180],
		[62, "N1_1", 3439.059, 339.059, "B", "SMD", "NET_5", "", "P", 110.236, 110.236, 0, 0, 180],
		[63, "N1_1", 3439.059, 220.949, "B", "SMD", "NET_6", "", "P", 110.236, 110.236, 0, 0, 180],
		[64, "N1_1", 3320.949, 220.939, "B", "SMD", "NET_7", "", "P", 110.236, 110.236, 0, 0, 180],
		[65, "N2_1", 140.949, 339.059, "B", "SMD", "NET_8", "", "P", 110.236, 110.236, 0, 0, 180],
		[66, "N2_1", 259.059, 339.059, "B", "SMD", "NET_9", "", "P", 110.236, 110.236, 0, 0, 180],
		[67, "N2_1", 259.059, 220.949, "B", "SMD", "NET_10", "", "P", 110.236, 110.236, 0, 0, 180],
		[68, "N2_1", 140.949, 220.939, "B", "SMD", "NET_11", "", "P", 110.236, 110.236, 0, 0, 180],
		[69, "U1_1", 1085.61, 335, "B", "SMD", "NET_12", "", "O", 24.803, 73.425, 0, 0, 270],
		[70, "U1_2", 1085.61, 285, "B", "SMD", "NET_13", "", "O", 24.803, 73.425, 0, 0, 270],
		[71, "U1_3", 1085.61, 235, "B", "SMD", "+5V", "", "O", 24.803, 73.425, 0, 0, 270],
		[72, "U1_4", 1085.61, 185, "B", "SMD", "ONEWIRE", "", "O", 24.803, 73.425, 0, 0, 270],
		[73, "U1_5", 874.39, 185, "B", "SMD", "GND", "GND", "O", 24.803, 73.425, 0, 0, 270],
		[74, "U1_6", 874.39, 235, "B", "SMD", "NET_14", "", "O", 24.803, 73.425, 0, 0, 270],
		[75, "U1_7", 874.39, 285, "B", "SMD", "NET_15", "", "O", 24.803, 73.425, 0, 0, 270],
		[76, "U1_8", 874.39, 335, "B", "SMD", "NET_16", "", "O", 24.803, 73.425, 0, 0, 270],
		[77, "U2_1", 2710, 176.89, "B", "SMD", "GND", "GND", "O", 22.598, 80.236, 0, 0, 180],
		[78, "U2_2", 2660, 176.89, "B", "SMD", "GPIO3", "", "O", 22.598, 80.236, 0, 0, 180],
		[79, "U2_3", 2610, 176.89, "B", "SMD", "DIN", "", "O", 22.598, 80.236, 0, 0, 180],
		[80, "U2_4", 2560, 176.89, "B", "SMD", "GND", "GND", "O", 22.598, 80.236, 0, 0, 180],
		[81, "U2_5", 2510, 176.89, "B", "SMD", "GND", "GND", "O", 22.598, 80.236, 0, 0, 180],
		[82, "U2_6", 2460, 176.89, "B", "SMD", "NET_17", "", "O", 22.598, 80.236, 0, 0, 180],
		[83, "U2_7", 2410, 176.89, "B", "SMD", "GND", "GND", "O", 22.598, 80.236, 0, 0, 180],
		[84, "U2_8", 2410, 383.11, "B", "SMD", "NET_18", "", "O", 22.598, 80.236, 0, 0, 180],
		[85, "U2_9", 2460, 383.11, "B", "SMD", "GND", "GND", "O", 22.598, 80.236, 0, 0, 180],
		[86, "U2_10", 2510, 383.11, "B", "SMD", "GND", "GND", "O", 22.598, 80.236, 0, 0, 180],
		[87, "U2_11", 2560, 383.11, "B", "SMD", "NET_19", "", "O", 22.598, 80.236, 0, 0, 180],
		[88, "U2_12", 2610, 383.11, "B", "SMD", "GND", "GND", "O", 22.598, 80.236, 0, 0, 180],
		[89, "U2_13", 2660, 383.11, "B", "SMD", "GND", "GND", "O", 22.598, 80.236, 0, 0, 180],
		[90, "U2_14", 2710, 383.11, "B", "SMD", "+5V", "", "O", 22.598, 80.236, 0, 0, 180],
		[91, "PAD1_2", 2800, 319.37, "B", "SMD", "+5V", "", "R", 55.512, 53.15, 0, 0, 90],
		[92, "PAD2_1", 2800, 240.63, "B", "SMD", "GND", "GND", "R", 55.512, 53.15, 0, 0, 90],
		[93, "PAD3_2", 1180, 240.63, "B", "SMD", "+5V", "", "R", 55.512, 53.15, 0, 0, 270],
		[94, "PAD4_1", 1180, 319.37, "B", "SMD", "GND", "GND", "R", 55.512, 53.15, 0, 0, 270],
		[95, "PAD5_2", 2940.63, 440, "T", "SMD", "+5V", "", "R", 55.512, 53.15, 0, 0, 180],
		[96, "PAD6_1", 3019.37, 440, "T", "SMD", "GND", "GND", "R", 55.512, 53.15, 0, 0, 180],
		[97, "PAD7_2", 2520.63, 440, "T", "SMD", "+5V", "", "R", 55.512, 53.15, 0, 0, 180],
		[98, "PAD8_1", 2599.37, 440, "T", "SMD", "GND", "GND", "R", 55.512, 53.15, 0, 0, 180],
		[99, "PAD9_2", 2100.63, 440, "T", "SMD", "+5V", "", "R", 55.512, 53.15, 0, 0, 180],
		[100, "PAD10_1", 2179.37, 440, "T", "SMD", "GND", "GND", "R", 55.512, 53.15, 0, 0, 180],
		[101, "PAD11_2", 1680.63, 440, "T", "SMD", "+5V", "", "R", 55.512, 53.15, 0, 0, 180],
		[102, "PAD12_1", 1759.37, 440, "T", "SMD", "GND", "GND", "R", 55.512, 53.15, 0, 0, 180],
		[103, "PAD13_2", 1250.63, 440, "T", "SMD", "+5V", "", "R", 55.512, 53.15, 0, 0, 180],
		[104, "PAD14_1", 1329.37, 440, "T", "SMD", "GND", "GND", "R", 55.512, 53.15, 0, 0, 180],
		[105, "PAD15_2", 820.63, 440, "T", "SMD", "+5V", "", "R", 55.512, 53.15, 0, 0, 180],
		[106, "PAD16_1", 899.37, 440, "T", "SMD", "GND", "GND", "R", 55.512, 53.15, 0, 0, 180],
		[107, "PAD17_1", 2028.36, 150.075, "B", "SMD", "+5V", "", "R", 78.74, 31.496, 0, 0, 90],
		[108, "PAD18_3", 1949.61, 150.075, "B", "SMD", "+5V", "", "R", 78.74, 31.496, 0, 0, 90],
		[109, "PAD19_5", 1870.88, 150.075, "B", "SMD", "GPIO1", "", "R", 78.74, 31.496, 0, 0, 90],
		[110, "PAD20_6", 1870.88, 409.925, "B", "SMD", "GPIO4", "", "R", 78.74, 31.496, 0, 0, 90],
		[111, "PAD21_7", 1792.13, 150.075, "B", "SMD", "GPIO2", "", "R", 78.74, 31.496, 0, 0, 90],
		[112, "PAD22_8", 1792.14, 409.925, "B", "SMD", "GPIO5", "", "R", 78.74, 31.496, 0, 0, 90],
		[113, "PAD23_9", 1713.39, 150.075, "B", "SMD", "GPIO3", "", "R", 78.74, 31.496, 0, 0, 90],
		[114, "PAD24_10", 1713.4, 409.925, "B", "SMD", "GPIO6", "", "R", 78.74, 31.496, 0, 0, 90],
		[115, "PAD25_11", 1634.65, 150.075, "B", "SMD", "ONEWIRE", "", "R", 78.74, 31.496, 0, 0, 90],
		[116, "PAD26_12", 1634.66, 409.925, "B", "SMD", "GND", "GND", "R", 78.74, 31.496, 0, 0, 90],
		[117, "PAD27_13", 1555.91, 150.075, "B", "SMD", "GND", "GND", "R", 78.74, 31.496, 0, 0, 90],
		[118, "PAD28_14", 1555.92, 409.925, "B", "SMD", "GND", "GND", "R", 78.74, 31.496, 0, 0, 90],
		[119, "PAD29_9", 2460, 383.11, "B", "SMD", "GND", "GND", "O", 22.598, 80.236, 0, 0, 180],
		[120, "PAD30_10", 2510, 383.11, "B", "SMD", "GND", "GND", "O", 22.598, 80.236, 0, 0, 180],
		[121, "PAD31_12", 2610, 383.11, "B", "SMD", "GND", "GND", "O", 22.598, 80.236, 0, 0, 180],
		[122, "PAD32_13", 2660, 383.11, "B", "SMD", "GND", "GND", "O", 22.598, 80.236, 0, 0, 180],
		[123, "PAD33_14", 2710, 383.11, "B", "SMD", "+5V", "", "O", 22.598, 80.236, 0, 0, 180],
		[124, "PAD34_7", 2410, 176.89, "B", "SMD", "GND", "GND", "O", 22.598, 80.236, 0, 0, 180],
		[125, "PAD35_5", 2510, 176.89, "B", "SMD", "GND", "GND", "O", 22.598, 80.236, 0, 0, 180],
		[126, "PAD36_4", 2560, 176.89, "B", "SMD", "GND", "GND", "O", 22.598, 80.236, 0, 0, 180],
		[127, "PAD37_3", 2610, 176.89, "B", "SMD", "DIN", "", "O", 22.598, 80.236, 0, 0, 180],
		[128, "PAD38_2", 2660, 176.89, "B", "SMD", "GPIO3", "", "O", 22.598, 80.236, 0, 0, 180],
		[129, "PAD39_1", 2710, 176.89, "B", "SMD", "GND", "GND", "O", 22.598, 80.236, 0, 0, 180],
		[130, "PAD40_3", 3178.425, 217.01, "T", "SMD", "GND", "GND", "R", 110.2362, 39.37, 0, 0, 180],
		[131, "PAD41_4", 3178.425, 342.99, "T", "SMD", "DIN", "", "R", 110.2362, 39.37, 0, 0, 180],
		[132, "PAD42_1", 2941.575, 342.99, "T", "SMD", "+5V", "", "R", 110.2362, 39.37, 0, 0, 180],
		[133, "PAD43_2", 2941.575, 217.01, "T", "SMD", "$1N1285", "", "R", 110.2362, 39.37, 0, 0, 180],
		[134, "PAD44_3", 2755.0917, 217.01, "T", "SMD", "GND", "GND", "R", 110.2362, 39.37, 0, 0, 180],
		[135, "PAD45_4", 2755.0917, 342.99, "T", "SMD", "$1N1285", "", "R", 110.2362, 39.37, 0, 0, 180],
		[136, "PAD46_1", 2518.2417, 342.99, "T", "SMD", "+5V", "", "R", 110.2362, 39.37, 0, 0, 180],
		[137, "PAD47_2", 2518.2417, 217.01, "T", "SMD", "$1N1388", "", "R", 110.2362, 39.37, 0, 0, 180],
		[138, "PAD48_3", 2331.7583, 217.01, "T", "SMD", "GND", "GND", "R", 110.2362, 39.37, 0, 0, 180],
		[139, "PAD49_4", 2331.7583, 342.99, "T", "SMD", "$1N1388", "", "R", 110.2362, 39.37, 0, 0, 180],
		[140, "PAD50_1", 2094.9083, 342.99, "T", "SMD", "+5V", "", "R", 110.2362, 39.37, 0, 0, 180],
		[141, "PAD51_2", 2094.9083, 217.01, "T", "SMD", "$1N1465", "", "R", 110.2362, 39.37, 0, 0, 180],
		[142, "PAD52_3", 1908.425, 217.01, "T", "SMD", "GND", "GND", "R", 110.2362, 39.37, 0, 0, 180],
		[143, "PAD53_4", 1908.425, 342.99, "T", "SMD", "$1N1465", "", "R", 110.2362, 39.37, 0, 0, 180],
		[144, "PAD54_1", 1671.575, 342.99, "T", "SMD", "+5V", "", "R", 110.2362, 39.37, 0, 0, 180],
		[145, "PAD55_2", 1671.575, 217.01, "T", "SMD", "$1N1542", "", "R", 110.2362, 39.37, 0, 0, 180],
		[146, "PAD56_3", 1485.0917, 217.01, "T", "SMD", "GND", "GND", "R", 110.2362, 39.37, 0, 0, 180],
		[147, "PAD57_4", 1485.0917, 342.99, "T", "SMD", "$1N1542", "", "R", 110.2362, 39.37, 0, 0, 180],
		[148, "PAD58_1", 1248.2417, 342.99, "T", "SMD", "+5V", "", "R", 110.2362, 39.37, 0, 0, 180],
		[149, "PAD59_2", 1248.2417, 217.01, "T", "SMD", "$1N1619", "", "R", 110.2362, 39.37, 0, 0, 180],
		[150, "PAD60_3", 1061.7583, 217.01, "T", "SMD", "GND", "GND", "R", 110.2362, 39.37, 0, 0, 180],
		[151, "PAD61_4", 1061.7583, 342.99, "T", "SMD", "$1N1619", "", "R", 110.2362, 39.37, 0, 0, 180],
		[152, "PAD62_1", 824.9083, 342.99, "T", "SMD", "+5V", "", "R", 110.2362, 39.37, 0, 0, 180],
		[153, "PAD63_2", 824.9083, 217.01, "T", "SMD", "$1N4210", "", "R", 110.2362, 39.37, 0, 0, 180],
		[154, "PAD64_2", 400.63, 440, "T", "SMD", "+5V", "", "R", 55.512, 53.15, 0, 0, 180],
		[155, "PAD65_1", 479.37, 440, "T", "SMD", "GND", "GND", "R", 55.512, 53.15, 0, 0, 180],
		[156, "PAD66_3", 638.425, 217.01, "T", "SMD", "GND", "GND", "R", 110.2362, 39.37, 0, 0, 180],
		[157, "PAD67_4", 638.425, 342.99, "T", "SMD", "$1N4210", "", "R", 110.2362, 39.37, 0, 0, 180],
		[158, "PAD68_1", 401.575, 342.99, "T", "SMD", "+5V", "", "R", 110.2362, 39.37, 0, 0, 180],
		[159, "PAD69_3", 1085.61, 235, "B", "SMD", "+5V", "", "O", 24.803, 73.425, 0, 0, 270],
		[160, "PAD70_4", 1085.61, 185, "B", "SMD", "ONEWIRE", "", "O", 24.803, 73.425, 0, 0, 270],
		[161, "PAD71_5", 874.39, 185, "B", "SMD", "GND", "GND", "O", 24.803, 73.425, 0, 0, 270]
	]
}
}