{
"lengthUnit": "mil",
"remark": [],
"components": {
	"fields": ["COMPONENT_NO", "COMPONENT_NAME", "LAYER", "X_COORDINATE", "Y_COORDINATE", "ANGLE"],
	"rows": [
		[1, "C1", "T", 610, 880, 180],
		[2, "C2", "T", 870, 590, 0],
		[3, "CN1", "T", 641.9355, 1230, 180],
		[4, "CN2", "T", 320, -520, 0],
		[5, "CN3", "T", 940, -590, 0],
		[6, "DS1", "T", 50, 690, 270],
		[7, "DS2", "T", 50, 430, 270],
		[8, "F1", "T", 1045, 380, 180],
		[9, "F2", "T", 650, 380, 0],
		[10, "FH1", "T", 644.9995, -40, 0],
		[11, "R3", "T", 420, 880, 180],
		[12, "R5", "T", 450, 380, 0],
		[13, "R6", "T", 870, 690, 180],
		[14, "R7", "T", 230, 880, 180],
		[15, "R8", "T", 850, 460, 0],
		[16, "U1", "T", 330, 650, 180],
		[17, "U2", "T", 590, 650, 180],
		[18, "U3", "T", 1080, 650, 0],
		[19, "PAD1", "T", 206.0235, -40, 0],
		[20, "PAD1", "B", 206.0235, -40, 0],
		[21, "PAD2", "T", 1083.9745, -40, 0],
		[22, "PAD2", "B", 1083.9745, -40, 0],
		[23, "PAD3", "T", 380, 524.02, 0],
		[24, "PAD4", "T", 280, 524.02, 0],
		[25, "PAD5", "T", 280, 775.98, 0],
		[26, "PAD6", "T", 380, 775.98, 0],
		[27, "PAD7", "T", 989.205, -576.025, 0],
		[28, "PAD7", "B", 989.205, -576.025, 0],
		[29, "PAD8", "T", 989.205, -497.285, 0],
		[30, "PAD8", "B", 989.205, -497.285, 0],
		[31, "PAD9", "T", 485.3505, 1330, 0],
		[32, "PAD9", "B", 485.3505, 1330, 0],
		[33, "PAD10", "T", 665.6505, 1330, 0],
		[34, "PAD10", "B", 665.6505, 1330, 0],
		[35, "PAD11", "T", 755.8505, 1330, 0],
		[36, "PAD11", "B", 755.8505, 1330, 0],
		[37, "PAD12", "T", 440.0505, 1230, 0],
		[38, "PAD12", "B", 440.0505, 1230, 0],
		[39, "PAD13", "T", 801.0505, 1230, 0],
		[40, "PAD13", "B", 801.0505, 1230, 0],
		[41, "PAD14", "T", 485.3505, 1130, 0],
		[42, "PAD14", "B", 485.3505, 1130, 0],
		[43, "PAD15", "T", 575.4505, 1130, 0],
		[44, "PAD15", "B", 575.4505, 1130, 0],
		[45, "PAD16", "T", 665.6505, 1130, 0],
		[46, "PAD16", "B", 665.6505, 1130, 0],
		[47, "PAD17", "T", 150.8705, 1240, 0],
		[48, "PAD17", "B", 150.8705, 1240, 0],
		[49, "PAD18", "T", 1133.0005, 1240, 0],
		[50, "PAD18", "B", 1133.0005, 1240, 0],
		[51, "PAD19", "T", 565, 755.61, 0],
		[52, "PAD20", "T", 515, 755.61, 0],
		[53, "PAD21", "T", 515, 544.39, 0],
		[54, "PAD22", "T", 570.63, 880, 0],
		[55, "PAD23", "T", 649.37, 880, 0],
		[56, "PAD24", "T", 909.37, 590, 0],
		[57, "PAD25", "T", 830.63, 590, 0],
		[58, "PAD26", "T", 1101.89, 380, 0],
		[59, "PAD27", "T", 988.11, 380, 0],
		[60, "PAD28", "T", 380.63, 880, 0],
		[61, "PAD29", "T", 459.37, 880, 0],
		[62, "PAD30", "T", 489.37, 380, 0],
		[63, "PAD31", "T", 410.63, 380, 0],
		[64, "PAD32", "T", 830.63, 690, 0],
		[65, "PAD33", "T", 909.37, 690, 0],
		[66, "PAD34", "T", 1005, 544.39, 0],
		[67, "PAD35", "T", 1055, 544.39, 0],
		[68, "PAD36", "T", 1105, 544.39, 0],
		[69, "PAD37", "T", 1155, 544.39, 0],
		[70, "PAD38", "T", 1005, 755.61, 0],
		[71, "PAD39", "T", 1055, 755.61, 0],
		[72, "PAD40", "T", 1105, 755.61, 0],
		[73, "PAD41", "T", 1155, 755.61, 0],
		[74, "PAD42", "T", 120, -520, 0],
		[75, "PAD42", "B", 120, -520, 0],
		[76, "PAD43", "T", 220, -520, 0],
		[77, "PAD43", "B", 220, -520, 0],
		[78, "PAD44", "T", 320, -520, 0],
		[79, "PAD44", "B", 320, -520, 0],
		[80, "PAD45", "T", 420, -520, 0],
		[81, "PAD45", "B", 420, -520, 0],
		[82, "PAD46", "T", 520, -520, 0],
		[83, "PAD46", "B", 520, -520, 0],
		[84, "PAD47", "T", 593.11, 380, 0],
		[85, "PAD48", "T", 706.89, 380, 0],
		[86, "PAD49", "T", 50, 640, 0],
		[87, "PAD49", "B", 50, 640, 0],
		[88, "PAD50", "T", 50, 740, 0],
		[89, "PAD50", "B", 50, 740, 0],
		[90, "PAD51", "T", 50, 380, 0],
		[91, "PAD51", "B", 50, 380, 0],
		[92, "PAD52", "T", 50, 480, 0],
		[93, "PAD52", "B", 50, 480, 0],
		[94, "PAD53", "T", 190.63, 880, 0],
		[95, "PAD54", "T", 269.37, 880, 0],
		[96, "PAD55", "T", 889.37, 460, 0],
		[97, "PAD56", "T", 810.63, 460, 0]
	]
},
"pins": {
	"fields": ["PIN_NO", "PIN_NAME", "PIN_X", "PIN_Y", "LAYER", "PIN_TYPE", "NET_NAME", "NET_TYPE", "PAD_SHAPE", "PAD_SIZEX", "PAD_SIZEY", "HOLE_SIZE", "HOLE_LEN", "PAD_ANGLE"],
	"rows": [
		[1, "C1_1", 649.37, 880, "T", "SMD", "GND", "GND", "R", 55.512, 53.15, 0, 0, 180],
		[2, "C1_2", 570.63, 880, "T", "SMD", "+5V-BUS", "", "R", 55.512, 53.15, 0, 0, 180],
		[3, "C2_1", 830.63, 590, "T", "SMD", "GND", "GND", "R", 55.512, 53.15, 0, 0, 0],
		[4, "C2_2", 909.37, 590, "T", "SMD", "$1N1652", "", "R", 55.512, 53.15, 0, 0, 0],
		[5, "CN1_1", 485.3505, 1130, "T", "DIP", "ACCESS", "", "C", 62.992, 62.992, 39.37, 39.37, 180],
		[6, "CN1_1", 485.3505, 1130, "B", "DIP", "ACCESS", "", "C", 62.992, 62.992, 39.37, 39.37, 180],
		[7, "CN1_2", 575.4505, 1130, "T", "DIP", "ONEWIRE", "", "C", 62.992, 62.992, 39.37, 39.37, 180],
		[8, "CN1_2", 575.4505, 1130, "B", "DIP", "ONEWIRE", "", "C", 62.992, 62.992, 39.37, 39.37, 180],
		[9, "CN1_3", 665.6505, 1130, "T", "DIP", "GND", "GND", "C", 62.992, 62.992, 39.37, 39.37, 180],
		[10, "CN1_3", 665.6505, 1130, "B", "DIP", "GND", "GND", "C", 62.992, 62.992, 39.37, 39.37, 180],
		[11, "CN1_4", 755.8505, 1130, "T", "DIP", "NET_1", "", "C", 62.992, 62.992, 39.37, 39.37, 180],
		[12, "CN1_4", 755.8505, 1130, "B", "DIP", "NET_1", "", "C", 62.992, 62.992, 39.37, 39.37, 180],
		[13, "CN1_5", 845.9505, 1130, "T", "DIP", "NET_2", "", "C", 62.992, 62.992, 39.37, 39.37, 180],
		[14, "CN1_5", 845.9505, 1130, "B", "DIP", "NET_2", "", "C", 62.992, 62.992, 39.37, 39.37, 180],
		[15, "CN1_6", 440.0505, 1230, "T", "DIP", "+5V-BUS", "", "C", 62.992, 62.992, 39.37, 39.37, 180],
		[16, "CN1_6", 440.0505, 1230, "B", "DIP", "+5V-BUS", "", "C", 62.992, 62.992, 39.37, 39.37, 180],
		[17, "CN1_7", 530.2505, 1230, "T", "DIP", "NET_3", "", "C", 62.992, 62.992, 39.37, 39.37, 180],
		[18, "CN1_7", 530.2505, 1230, "B", "DIP", "NET_3", "", "C", 62.992, 62.992, 39.37, 39.37, 180],
		[19, "CN1_8", 620.3505, 1230, "T", "DIP", "NET_4", "", "C", 62.992, 62.992, 39.37, 39.37, 180],
		[20, "CN1_8", 620.3505, 1230, "B", "DIP", "NET_4", "", "C", 62.992, 62.992, 39.37, 39.37, 180],
		[21, "CN1_9", 710.5505, 1230, "T", "DIP", "NET_5", "", "C", 62.992, 62.992, 39.37, 39.37, 180],
		[22, "CN1_9", 710.5505, 1230, "B", "DIP", "NET_5", "", "C", 62.992, 62.992, 39.37, 39.37, 180],
		[23, "CN1_10", 801.0505, 1230, "T", "DIP", "GND", "GND", "C", 62.992, 62.992, 39.37, 39.37, 180],
		[24, "CN1_10", 801.0505, 1230, "B", "DIP", "GND", "GND", "C", 62.992, 62.992, 39.37, 39.37, 180],
		[25, "CN1_11", 485.3505, 1330, "T", "DIP", "GND", "GND", "C", 62.992, 62.992, 39.37, 39.37, 180],
		[26, "CN1_11", 485.3505, 1330, "B", "DIP", "GND", "GND", "C", 62.992, 62.992, 39.37, 39.37, 180],
		[27, "CN1_12", 575.4505, 1330, "T", "DIP", "NET_6", "", "C", 62.992, 62.992, 39.37, 39.37, 180],
		[28, "CN1_12", 575.4505, 1330, "B", "DIP", "NET_6", "", "C", 62.992, 62.992, 39.37, 39.37, 180],
		[29, "CN1_13", 665.6505, 1330, "T", "DIP", "+5V-BUS", "", "C", 62.992, 62.992, 39.37, 39.37, 180],
		[30, "CN1_13", 665.6505, 1330, "B", "DIP", "+5V-BUS", "", "C", 62.992, 62.992, 39.37, 39.37, 180],
		[31, "CN1_14", 755.8505, 1330, "T", "DIP", "GND", "GND", "C", 62.992, 62.992, 39.37, 39.37, 180],
		[32, "CN1_14", 755.8505, 1330, "B", "DIP", "GND", "GND", "C", 62.992, 62.992, 39.37, 39.37, 180],
		[33, "CN1_15", 845.9505, 1330, "T", "DIP", "NET_7", "", "C", 62.992, 62.992, 39.37, 39.37, 180],
		[34, "CN1_15", 845.9505, 1330, "B", "DIP", "NET_7", "", "C", 62.992, 62.992, 39.37, 39.37, 180],
		[35, "CN1_16", 150.8705, 1240, "T", "DIP", "GND", "GND", "C", 157.48, 157.48, 118.11, 118.11, 180],
		[36, "CN1_16", 150.8705, 1240, "B", "DIP", "GND", "GND", "C", 157.48, 157.48, 118.11, 118.11, 180],
		[37, "CN1_17", 1133.0005, 1240, "T", "DIP", "GND", "GND", "C", 157.48, 157.48, 118.11, 118.11, 180],
		[38, "CN1_17", 1133.0005, 1240, "B", "DIP", "GND", "GND", "C", 157.48, 157.48, 118.11, 118.11, 180],
		[39, "CN2_1", 120, -520, "T", "DIP", "OUT", "", "R", 78.74, 78.74, 55.118, 55.118, 0],
		[40, "CN2_1", 120, -520, "B", "DIP", "OUT", "", "R", 78.74, 78.74, 55.118, 55.118, 0],
		[41, "CN2_2", 220, -520, "T", "DIP", "10K", "", "C", 78.74, 78.74, 55.118, 55.118, 0],
		[42, "CN2_2", 220, -520, "B", "DIP", "10K", "", "C", 78.74, 78.74, 55.118, 55.118, 0],
		[43, "CN2_3", 320, -520, "T", "DIP", "IN", "", "C", 78.74, 78.74, 55.118, 55.118, 0],
		[44, "CN2_3", 320, -520, "B", "DIP", "IN", "", "C", 78.74, 78.74, 55.118, 55.118, 0],
		[45, "CN2_4", 420, -520, "T", "DIP", "5V-OUT", "", "C", 78.74, 78.74, 55.118, 55.118, 0],
		[46, "CN2_4", 420, -520, "B", "DIP", "5V-OUT", "", "C", 78.74, 78.74, 55.118, 55.118, 0],
		[47, "CN2_5", 520, -520, "T", "DIP", "GND", "GND", "C", 78.74, 78.74, 55.118, 55.118, 0],
		[48, "CN2_5", 520, -520, "B", "DIP", "GND", "GND", "C", 78.74, 78.74, 55.118, 55.118, 0],
		[49, "CN3_1", 989.205, -497.285, "T", "DIP", "$1N1050", "", "C", 59.055, 59.055, 35.434, 35.434, 0],
		[50, "CN3_1", 989.205, -497.285, "B", "DIP", "$1N1050", "", "C", 59.055, 59.055, 35.434, 35.434, 0],
		[51, "CN3_2", 890.785, -497.285, "T", "DIP", "NET_8", "", "C", 59.055, 59.055, 35.434, 35.434, 0],
		[52, "CN3_2", 890.785, -497.285, "B", "DIP", "NET_8", "", "C", 59.055, 59.055, 35.434, 35.434, 0],
		[53, "CN3_3", 890.785, -576.025, "T", "DIP", "NET_9", "", "C", 59.055, 59.055, 35.434, 35.434, 0],
		[54, "CN3_3", 890.785, -576.025, "B", "DIP", "NET_9", "", "C", 59.055, 59.055, 35.434, 35.434, 0],
		[55, "CN3_4", 989.205, -576.025, "T", "DIP", "GND", "GND", "C", 59.055, 59.055, 35.434, 35.434, 0],
		[56, "CN3_4", 989.205, -576.025, "B", "DIP", "GND", "GND", "C", 59.055, 59.055, 35.434, 35.434, 0],
		[57, "CN3_5", 702.995, -682.715, "T", "DIP", "NET_10", "", "C", 122.047, 122.047, 94.488, 94.488, 0],
		[58, "CN3_5", 702.995, -682.715, "B", "DIP", "NET_10", "", "C", 122.047, 122.047, 94.488, 94.488, 0],
		[59, "CN3_6", 1177.005, -682.715, "T", "DIP", "NET_11", "", "C", 122.047, 122.047, 94.488, 94.488, 0],
		[60, "CN3_6", 1177.005, -682.715, "B", "DIP", "NET_11", "", "C", 122.047, 122.047, 94.488, 94.488, 0],
		[61, "DS1_1", 50, 640, "T", "DIP", "GND", "GND", "C", 59.055, 59.055, 35.434, 35.434, 270],
		[62, "DS1_1", 50, 640, "B", "DIP", "GND", "GND", "C", 59.055, 59.055, 35.434, 35.434, 270],
		[63, "DS1_2", 50, 740, "T", "DIP", "$1N2468", "", "C", 59.055, 59.055, 35.434, 35.434, 270],
		[64, "DS1_2", 50, 740, "B", "DIP", "$1N2468", "", "C", 59.055, 59.055, 35.434, 35.434, 270],
		[65, "DS2_1", 50, 380, "T", "DIP", "GND", "GND", "C", 59.055, 59.055, 35.434, 35.434, 270],
		[66, "DS2_1", 50, 380, "B", "DIP", "GND", "GND", "C", 59.055, 59.055, 35.434, 35.434, 270],
		[67, "DS2_2", 50, 480, "T", "DIP", "$1N2547", "", "C", 59.055, 59.055, 35.434, 35.434, 270],
		[68, "DS2_2", 50, 480, "B", "DIP", "$1N2547", "", "C", 59.055, 59.055, 35.434, 35.434, 270],
		[69, "F1_1", 1101.89, 380, "T", "SMD", "$1N1094", "", "R", 46.854, 68.031, 0, 0, 180],
		[70, "F1_2", 988.11, 380, "T", "SMD", "$1N1050", "", "R", 46.854, 68.031, 0, 0, 180],
		[71, "F2_1", 593.11, 380, "T", "SMD", "+5V-BUS", "", "R", 46.854, 68.031, 0, 0, 0],
		[72, "F2_2", 706.89, 380, "T", "SMD", "5V-OUT", "", "R", 46.854, 68.031, 0, 0, 0],
		[73, "FH1_1", 206.0235, -40, "T", "DIP", "$1N298", "", "C", 90.551, 90.551, 59.056, 59.056, 0],
		[74, "FH1_1", 206.0235, -40, "B", "DIP", "$1N298", "", "C", 90.551, 90.551, 59.056, 59.056, 0],
		[75, "FH1_2", 1083.9745, -40, "T", "DIP", "IN", "", "C", 90.551, 90.551, 59.056, 59.056, 0],
		[76, "FH1_2", 1083.9745, -40, "B", "DIP", "IN", "", "C", 90.551, 90.551, 59.056, 59.056, 0],
		[77, "R3_1", 459.37, 880, "T", "SMD", "ACCESS", "", "R", 44.588, 54.213, 0, 0, 180],
		[78, "R3_2", 380.63, 880, "T", "SMD", "$1N1299", "", "R", 44.588, 54.213, 0, 0, 180],
		[79, "R5_1", 410.63, 380, "T", "SMD", "OUT", "", "R", 44.588, 54.213, 0, 0, 0],
		[80, "R5_2", 489.37, 380, "T", "SMD", "10K", "", "R", 44.588, 54.213, 0, 0, 0],
		[81, "R6_1", 909.37, 690, "T", "SMD", "$1N1652", "", "R", 44.588, 54.213, 0, 0, 180],
		[82, "R6_2", 830.63, 690, "T", "SMD", "+5V-BUS", "", "R", 44.588, 54.213, 0, 0, 180],
		[83, "R7_1", 269.37, 880, "T", "SMD", "ACCESS", "", "R", 44.588, 54.213, 0, 0, 180],
		[84, "R7_2", 190.63, 880, "T", "SMD", "$1N2468", "", "R", 44.588, 54.213, 0, 0, 180],
		[85, "R8_1", 810.63, 460, "T", "SMD", "+5V-BUS", "", "R", 44.588, 54.213, 0, 0, 0],
		[86, "R8_2", 889.37, 460, "T", "SMD", "$1N2547", "", "R", 44.588, 54.213, 0, 0, 0],
		[87, "U1_1", 380, 775.98, "T", "SMD", "$1N1299", "", "R", 59.055, 39.4, 0, 0, 270],
		[88, "U1_3", 280, 775.98, "T", "SMD", "GND", "GND", "R", 59.055, 39.4, 0, 0, 270],
		[89, "U1_4", 280, 524.02, "T", "SMD", "$1N298", "", "R", 59.055, 39.4, 0, 0, 270],
		[90, "U1_6", 380, 524.02, "T", "SMD", "OUT", "", "R", 59.055, 39.4, 0, 0, 270],
		[91, "U2_1", 665, 755.61, "T", "SMD", "NET_12", "", "O", 24.803, 73.425, 0, 0, 180],
		[92, "U2_2", 615, 755.61, "T", "SMD", "NET_13", "", "O", 24.803, 73.425, 0, 0, 180],
		[93, "U2_3", 565, 755.61, "T", "SMD", "+5V-BUS", "", "O", 24.803, 73.425, 0, 0, 180],
		[94, "U2_4", 515, 755.61, "T", "SMD", "ONEWIRE", "", "O", 24.803, 73.425, 0, 0, 180],
		[95, "U2_5", 515, 544.39, "T", "SMD", "GND", "GND", "O", 24.803, 73.425, 0, 0, 180],
		[96, "U2_6", 565, 544.39, "T", "SMD", "NET_14", "", "O", 24.803, 73.425, 0, 0, 180],
		[97, "U2_7", 615, 544.39, "T", "SMD", "NET_15", "", "O", 24.803, 73.425, 0, 0, 180],
		[98, "U2_8", 665, 544.39, "T", "SMD", "NET_16", "", "O", 24.803, 73.425, 0, 0, 180],
		[99, "U3_1", 1005, 544.39, "T", "SMD", "$1N1652", "", "O", 24.803, 73.425, 0, 0, 0],
		[100, "U3_2", 1055, 544.39, "T", "SMD", "GND", "GND", "O", 24.803, 73.425, 0, 0, 0],
		[101, "U3_3", 1105, 544.39, "T", "SMD", "$1N1094", "", "O", 24.803, 73.425, 0, 0, 0],
		[102, "U3_4", 1155, 544.39, "T", "SMD", "$1N1094", "", "O", 24.803, 73.425, 0, 0, 0],
		[103, "U3_5", 1155, 755.61, "T", "SMD", "+5V-BUS", "", "O", 24.803, 73.425, 0, 0, 0],
		[104, "U3_6", 1105, 755.61, "T", "SMD", "+5V-BUS", "", "O", 24.803, 73.425, 0, 0, 0],
		[105, "U3_7", 1055, 755.61, "T", "SMD", "+5V-BUS", "", "O", 24.803, 73.425, 0, 0, 0],
		[106, "U3_8", 1005, 755.61, "T", "SMD", "+5V-BUS", "", "O", 24.803, 73.425, 0, 0, 0],
		[107, "PAD1_1", 206.0235, -40, "T", "DIP", "$1N298", "", "C", 90.551, 90.551, 59.056, 59.056, 0],
		[108, "PAD1_1", 206.0235, -40, "B", "DIP", "$1N298", "", "C", 90.551, 90.551, 59.056, 59.056, 0],
		[109, "PAD2_2", 1083.9745, -40, "T", "DIP", "IN", "", "C", 90.551, 90.551, 59.056, 59.056, 0],
		[110, "PAD2_2", 1083.9745, -40, "B", "DIP", "IN", "", "C", 90.551, 90.551, 59.056, 59.056, 0],
		[111, "PAD3_6", 380, 524.02, "T", "SMD", "OUT", "", "R", 59.055, 39.4, 0, 0, 270],
		[112, "PAD4_4", 280, 524.02, "T", "SMD", "$1N298", "", "R", 59.055, 39.4, 0, 0, 270],
		[113, "PAD5_3", 280, 775.98, "T", "SMD", "GND", "GND", "R", 59.055, 39.4, 0, 0, 270],
		[114, "PAD6_1", 380, 775.98, "T", "SMD", "$1N1299", "", "R", 59.055, 39.4, 0, 0, 270],
		[115, "PAD7_4", 989.205, -576.025, "T", "DIP", "GND", "GND", "C", 59.055, 59.055, 35.434, 35.434, 0],
		[116, "PAD7_4", 989.205, -576.025, "B", "DIP", "GND", "GND", "C", 59.055, 59.055, 35.434, 35.434, 0],
		[117, "PAD8_1", 989.205, -497.285, "T", "DIP", "$1N1050", "", "C", 59.055, 59.055, 35.434, 35.434, 0],
		[118, "PAD8_1", 989.205, -497.285, "B", "DIP", "$1N1050", "", "C", 59.055, 59.055, 35.434, 35.434, 0],
		[119, "PAD9_11", 485.3505, 1330, "T", "DIP", "GND", "GND", "C", 62.992, 62.992, 39.37, 39.37, 180],
		[120, "PAD9_11", 485.3505, 1330, "B", "DIP", "GND", "GND", "C", 62.992, 62.992, 39.37, 39.37, 180],
		[121, "PAD10_13", 665.6505, 1330, "T", "DIP", "+5V-BUS", "", "C", 62.992, 62.992, 39.37, 39.37, 180],
		[122, "PAD10_13", 665.6505, 1330, "B", "DIP", "+5V-BUS", "", "C", 62.992, 62.992, 39.37, 39.37, 180],
		[123, "PAD11_14", 755.8505, 1330, "T", "DIP", "GND", "GND", "C", 62.992, 62.992, 39.37, 39.37, 180],
		[124, "PAD11_14", 755.8505, 1330, "B", "DIP", "GND", "GND", "C", 62.992, 62.992, 39.37, 39.37, 180],
		[125, "PAD12_6", 440.0505, 1230, "T", "DIP", "+5V-BUS", "", "C", 62.992, 62.992, 39.37, 39.37, 180],
		[126, "PAD12_6", 440.0505, 1230, "B", "DIP", "+5V-BUS", "", "C", 62.992, 62.992, 39.37, 39.37, 180],
		[127, "PAD13_10", 801.0505, 1230, "T", "DIP", "GND", "GND", "C", 62.992, 62.992, 39.37, 39.37, 180],
		[128, "PAD13_10", 801.0505, 1230, "B", "DIP", "GND", "GND", "C", 62.992, 62.992, 39.37, 39.37, 180],
		[129, "PAD14_1", 485.3505, 1130, "T", "DIP", "ACCESS", "", "C", 62.992, 62.992, 39.37, 39.37, 180],
		[130, "PAD14_1", 485.3505, 1130, "B", "DIP", "ACCESS", "", "C", 62.992, 62.992, 39.37, 39.37, 180],
		[131, "PAD15_2", 575.4505, 1130, "T", "DIP", "ONEWIRE", "", "C", 62.992, 62.992, 39.37, 39.37, 180],
		[132, "PAD15_2", 575.4505, 1130, "B", "DIP", "ONEWIRE", "", "C", 62.992, 62.992, 39.37, 39.37, 180],
		[133, "PAD16_3", 665.6505, 1130, "T", "DIP", "GND", "GND", "C", 62.992, 62.992, 39.37, 39.37, 180],
		[134, "PAD16_3", 665.6505, 1130, "B", "DIP", "GND", "GND", "C", 62.992, 62.992, 39.37, 39.37, 180],
		[135, "PAD17_16", 150.8705, 1240, "T", "DIP", "GND", "GND", "C", 157.48, 157.48, 118.11, 118.11, 180],
		[136, "PAD17_16", 150.8705, 1240, "B", "DIP", "GND", "GND", "C", 157.48, 157.48, 118.11, 118.11, 180],
		[137, "PAD18_17", 1133.0005, 1240, "T", "DIP", "GND", "GND", "C", 157.48, 157.48, 118.11, 118.11, 180],
		[138, "PAD18_17", 1133.0005, 1240, "B", "DIP", "GND", "GND", "C", 157.48, 157.48, 118.11, 118.11, 180],
		[139, "PAD19_3", 565, 755.61, "T", "SMD", "+5V-BUS", "", "O", 24.803, 73.425, 0, 0, 180],
		[140, "PAD20_4", 515, 755.61, "T", "SMD", "ONEWIRE", "", "O", 24.803, 73.425, 0, 0, 180],
		[141, "PAD21_5", 515, 544.39, "T", "SMD", "GND", "GND", "O", 24.803, 73.425, 0, 0, 180],
		[142, "PAD22_2", 570.63, 880, "T", "SMD", "+5V-BUS", "", "R", 55.512, 53.15, 0, 0, 180],
		[143, "PAD23_1", 649.37, 880, "T", "SMD", "GND", "GND", "R", 55.512, 53.15, 0, 0, 180],
		[144, "PAD24_2", 909.37, 590, "T", "SMD", "$1N1652", "", "R", 55.512, 53.15, 0, 0, 0],
		[145, "PAD25_1", 830.63, 590, "T", "SMD", "GND", "GND", "R", 55.512, 53.15, 0, 0, 0],
		[146, "PAD26_1", 1101.89, 380, "T", "SMD", "$1N1094", "", "R", 46.854, 68.031, 0, 0, 180],
		[147, "PAD27_2", 988.11, 380, "T", "SMD", "$1N1050", "", "R", 46.854, 68.031, 0, 0, 180],
		[148, "PAD28_2", 380.63, 880, "T", "SMD", "$1N1299", "", "R", 44.588, 54.213, 0, 0, 180],
		[149, "PAD29_1", 459.37, 880, "T", "SMD", "ACCESS", "", "R", 44.588, 54.213, 0, 0, 180],
		[150, "PAD30_2", 489.37, 380, "T", "SMD", "10K", "", "R", 44.588, 54.213, 0, 0, 0],
		[151, "PAD31_1", 410.63, 380, "T", "SMD", "OUT", "", "R", 44.588, 54.213, 0, 0, 0],
		[152, "PAD32_2", 830.63, 690, "T", "SMD", "+5V-BUS", "", "R", 44.588, 54.213, 0, 0, 180],
		[153, "PAD33_1", 909.37, 690, "T", "SMD", "$1N1652", "", "R", 44.588, 54.213, 0, 0, 180],
		[154, "PAD34_1", 1005, 544.39, "T", "SMD", "$1N1652", "", "O", 24.803, 73.425, 0, 0, 0],
		[155, "PAD35_2", 1055, 544.39, "T", "SMD", "GND", "GND", "O", 24.803, 73.425, 0, 0, 0],
		[156, "PAD36_3", 1105, 544.39, "T", "SMD", "$1N1094", "", "O", 24.803, 73.425, 0, 0, 0],
		[157, "PAD37_4", 1155, 544.39, "T", "SMD", "$1N1094", "", "O", 24.803, 73.425, 0, 0, 0],
		[158, "PAD38_8", 1005, 755.61, "T", "SMD", "+5V-BUS", "", "O", 24.803, 73.425, 0, 0, 0],
		[159, "PAD39_7", 1055, 755.61, "T", "SMD", "+5V-BUS", "", "O", 24.803, 73.425, 0, 0, 0],
		[160, "PAD40_6", 1105, 755.61, "T", "SMD", "+5V-BUS", "", "O", 24.803, 73.425, 0, 0, 0],
		[161, "PAD41_5", 1155, 755.61, "T", "SMD", "+5V-BUS", "", "O", 24.803, 73.425, 0, 0, 0],
		[162, "PAD42_1", 120, -520, "T", "DIP", "OUT", "", "R", 78.74, 78.74, 55.118, 55.118, 0],
		[163, "PAD42_1", 120, -520, "B", "DIP", "OUT", "", "R", 78.74, 78.74, 55.118, 55.118, 0],
		[164, "PAD43_2", 220, -520, "T", "DIP", "10K", "", "C", 78.74, 78.74, 55.118, 55.118, 0],
		[165, "PAD43_2", 220, -520, "B", "DIP", "10K", "", "C", 78.74, 78.74, 55.118, 55.118, 0],
		[166, "PAD44_3", 320, -520, "T", "DIP", "IN", "", "C", 78.74, 78.74, 55.118, 55.118, 0],
		[167, "PAD44_3", 320, -520, "B", "DIP", "IN", "", "C", 78.74, 78.74, 55.118, 55.118, 0],
		[168, "PAD45_4", 420, -520, "T", "DIP", "5V-OUT", "", "C", 78.74, 78.74, 55.118, 55.118, 0],
		[169, "PAD45_4", 420, -520, "B", "DIP", "5V-OUT", "", "C", 78.74, 78.74, 55.118, 55.118, 0],
		[170, "PAD46_5", 520, -520, "T", "DIP", "GND", "GND", "C", 78.74, 78.74, 55.118, 55.118, 0],
		[171, "PAD46_5", 520, -520, "B", "DIP", "GND", "GND", "C", 78.74, 78.74, 55.118, 55.118, 0],
		[172, "PAD47_1", 593.11, 380, "T", "SMD", "+5V-BUS", "", "R", 46.854, 68.031, 0, 0, 0],
		[173, "PAD48_2", 706.89, 380, "T", "SMD", "5V-OUT", "", "R", 46.854, 68.031, 0, 0, 0],
		[174, "PAD49_1", 50, 640, "T", "DIP", "GND", "GND", "C", 59.055, 59.055, 35.434, 35.434, 270],
		[175, "PAD49_1", 50, 640, "B", "DIP", "GND", "GND", "C", 59.055, 59.055, 35.434, 35.434, 270],
		[176, "PAD50_2", 50, 740, "T", "DIP", "$1N2468", "", "C", 59.055, 59.055, 35.434, 35.434, 270],
		[177, "PAD50_2", 50, 740, "B", "DIP", "$1N2468", "", "C", 59.055, 59.055, 35.434, 35.434, 270],
		[178, "PAD51_1", 50, 380, "T", "DIP", "GND", "GND", "C", 59.055, 59.055, 35.434, 35.434, 270],
		[179, "PAD51_1", 50, 380, "B", "DIP", "GND", "GND", "C", 59.055, 59.055, 35.434, 35.434, 270],
		[180, "PAD52_2", 50, 480, "T", "DIP", "$1N2547", "", "C", 59.055, 59.055, 35.434, 35.434, 270],
		[181, "PAD52_2", 50, 480, "B", "DIP", "$1N2547", "", "C", 59.055, 59.055, 35.434, 35.434, 270],
		[182, "PAD53_2", 190.63, 880, "T", "SMD", "$1N2468", "", "R", 44.588, 54.213, 0, 0, 180],
		[183, "PAD54_1", 269.37, 880, "T", "SMD", "ACCESS", "", "R", 44.588, 54.213, 0, 0, 180],
		[184, "PAD55_2", 889.37, 460, "T", "SMD", "$1N2547", "", "R", 44.588, 54.213, 0, 0, 0],
		[185, "PAD56_1", 810.63, 460, "T", "SMD", "+5V-BUS", "", "R", 44.588, 54.213, 0, 0, 0]
	]
}
}